value,name
DA Warner,DA Warner
S Dhawan,S Dhawan
MC Henriques,MC Henriques
Yuvraj Singh,Yuvraj Singh
DJ Hooda,DJ Hooda
BCJ Cutting,BCJ Cutting
CH Gayle,CH Gayle
Mandeep Singh,Mandeep Singh
TM Head,TM Head
KM Jadhav,KM Jadhav
SR Watson,SR Watson
Sachin Baby,Sachin Baby
STR Binny,STR Binny
S Aravind,S Aravind
YS Chahal,YS Chahal
TS Mills,TS Mills
A Choudhary,A Choudhary
PA Patel,PA Patel
JC Buttler,JC Buttler
RG Sharma,RG Sharma
N Rana,N Rana
AT Rayudu,AT Rayudu
KH Pandya,KH Pandya
KA Pollard,KA Pollard
HH Pandya,HH Pandya
TG Southee,TG Southee
AM Rahane,AM Rahane
MA Agarwal,MA Agarwal
SPD Smith,SPD Smith
BA Stokes,BA Stokes
MS Dhoni,MS Dhoni
JJ Roy,JJ Roy
BB McCullum,BB McCullum
SK Raina,SK Raina
AJ Finch,AJ Finch
KD Karthik,KD Karthik
G Gambhir,G Gambhir
CA Lynn,CA Lynn
MK Tiwary,MK Tiwary
DT Christian,DT Christian
HM Amla,HM Amla
M Vohra,M Vohra
WP Saha,WP Saha
AR Patel,AR Patel
GJ Maxwell,GJ Maxwell
DA Miller,DA Miller
Vishnu Vinod,Vishnu Vinod
Iqbal Abdulla,Iqbal Abdulla
P Negi,P Negi
AP Tare,AP Tare
SW Billings,SW Billings
KK Nair,KK Nair
SV Samson,SV Samson
RR Pant,RR Pant
CH Morris,CH Morris
CR Brathwaite,CR Brathwaite
PJ Cummins,PJ Cummins
A Mishra,A Mishra
S Nadeem,S Nadeem
Z Khan,Z Khan
DR Smith,DR Smith
DS Kulkarni,DS Kulkarni
P Kumar,P Kumar
Basil Thampi,Basil Thampi
RV Uthappa,RV Uthappa
MK Pandey,MK Pandey
YK Pathan,YK Pathan
SA Yadav,SA Yadav
CR Woakes,CR Woakes
SP Narine,SP Narine
Harbhajan Singh,Harbhajan Singh
AB de Villiers,AB de Villiers
CJ Anderson,CJ Anderson
F du Plessis,F du Plessis
RA Tripathi,RA Tripathi
R Bhatia,R Bhatia
DL Chahar,DL Chahar
A Zampa,A Zampa
AB Dinda,AB Dinda
Imran Tahir,Imran Tahir
NV Ojha,NV Ojha
V Shankar,V Shankar
Rashid Khan,Rashid Khan
B Kumar,B Kumar
MP Stoinis,MP Stoinis
MM Sharma,MM Sharma
VR Aaron,VR Aaron
V Kohli,V Kohli
MJ McClenaghan,MJ McClenaghan
Ankit Sharma,Ankit Sharma
SN Thakur,SN Thakur
RD Chahar,RD Chahar
LH Ferguson,LH Ferguson
C de Grandhomme,C de Grandhomme
Bipul Sharma,Bipul Sharma
SS Iyer,SS Iyer
EJG Morgan,EJG Morgan
KC Cariappa,KC Cariappa
Sandeep Sharma,Sandeep Sharma
Ishan Kishan,Ishan Kishan
JD Unadkat,JD Unadkat
AF Milne,AF Milne
S Badree,S Badree
AD Mathews,AD Mathews
Mohammed Shami,Mohammed Shami
Mohammad Nabi,Mohammad Nabi
I Sharma,I Sharma
RA Jadeja,RA Jadeja
AJ Tye,AJ Tye
KS Williamson,KS Williamson
SE Marsh,SE Marsh
Shakib Al Hasan,Shakib Al Hasan
JP Faulkner,JP Faulkner
MG Johnson,MG Johnson
K Rabada,K Rabada
AD Nath,AD Nath
NM Coulter-Nile,NM Coulter-Nile
Kuldeep Yadav,Kuldeep Yadav
UT Yadav,UT Yadav
Washington Sundar,Washington Sundar
KV Sharma,KV Sharma
DM Bravo,DM Bravo
AR Bawne,AR Bawne
SP Jackson,SP Jackson
MJ Guptill,MJ Guptill
Anureet Singh,Anureet Singh
IK Pathan,IK Pathan
Ankit Soni,Ankit Soni
JJ Bumrah,JJ Bumrah
SL Malinga,SL Malinga
PJ Sangwan,PJ Sangwan
S Kaul,S Kaul
LMP Simmons,LMP Simmons
MN Samuels,MN Samuels
Swapnil Singh,Swapnil Singh
R Tewatia,R Tewatia
MM Patel,MM Patel
SS Tiwary,SS Tiwary
TA Boult,TA Boult
CJ Jordan,CJ Jordan
IR Jaggi,IR Jaggi
PP Chawla,PP Chawla
AS Rajpoot,AS Rajpoot
SC Ganguly,SC Ganguly
RT Ponting,RT Ponting
DJ Hussey,DJ Hussey
Mohammad Hafeez,Mohammad Hafeez
R Dravid,R Dravid
W Jaffer,W Jaffer
JH Kallis,JH Kallis
CL White,CL White
MV Boucher,MV Boucher
B Akhil,B Akhil
AA Noffke,AA Noffke
SB Joshi,SB Joshi
ML Hayden,ML Hayden
MEK Hussey,MEK Hussey
JDP Oram,JDP Oram
S Badrinath,S Badrinath
K Goel,K Goel
JR Hopes,JR Hopes
KC Sangakkara,KC Sangakkara
SM Katich,SM Katich
T Kohli,T Kohli
M Kaif,M Kaif
DS Lehmann,DS Lehmann
M Rawat,M Rawat
D Salunkhe,D Salunkhe
SK Warne,SK Warne
SK Trivedi,SK Trivedi
V Sehwag,V Sehwag
L Ronchi,L Ronchi
ST Jayasuriya,ST Jayasuriya
DJ Thornely,DJ Thornely
PR Shah,PR Shah
AM Nayar,AM Nayar
SM Pollock,SM Pollock
S Chanderpaul,S Chanderpaul
LRPL Taylor,LRPL Taylor
AC Gilchrist,AC Gilchrist
Y Venugopal Rao,Y Venugopal Rao
VVS Laxman,VVS Laxman
A Symonds,A Symonds
SB Styris,SB Styris
AS Yadav,AS Yadav
SB Bangar,SB Bangar
WPUJC Vaas,WPUJC Vaas
RP Singh,RP Singh
LR Shukla,LR Shukla
DPMD Jayawardene,DPMD Jayawardene
S Sohal,S Sohal
B Lee,B Lee
WA Mota,WA Mota
Kamran Akmal,Kamran Akmal
Shahid Afridi,Shahid Afridi
DJ Bravo,DJ Bravo
MA Khote,MA Khote
A Nehra,A Nehra
GC Smith,GC Smith
Pankaj Singh,Pankaj Singh
RR Sarwan,RR Sarwan
S Sreesanth,S Sreesanth
VRV Singh,VRV Singh
R Vinay Kumar,R Vinay Kumar
AB Agarkar,AB Agarkar
M Kartik,M Kartik
Shoaib Malik,Shoaib Malik
MF Maharoof,MF Maharoof
VY Mahesh,VY Mahesh
TM Srivastava,TM Srivastava
B Chipli,B Chipli
DW Steyn,DW Steyn
DB Das,DB Das
HH Gibbs,HH Gibbs
DNT Zoysa,DNT Zoysa
D Kalyankrishna,D Kalyankrishna
SA Asnodkar,SA Asnodkar
Sohail Tanvir,Sohail Tanvir
Salman Butt,Salman Butt
BJ Hodge,BJ Hodge
Umar Gul,Umar Gul
SP Fleming,SP Fleming
S Vidyut,S Vidyut
JA Morkel,JA Morkel
LPC Silva,LPC Silva
DB Ravi Teja,DB Ravi Teja
Misbah-ul-Haq,Misbah-ul-Haq
YV Takawale,YV Takawale
RR Raje,RR Raje
Mohammad Asif,Mohammad Asif
GD McGrath,GD McGrath
Joginder Sharma,Joginder Sharma
MS Gony,MS Gony
M Muralitharan,M Muralitharan
M Ntini,M Ntini
DT Patil,DT Patil
A Kumble,A Kumble
S Anirudha,S Anirudha
CK Kapugedera,CK Kapugedera
A Chopra,A Chopra
T Taibu,T Taibu
J Arunkumar,J Arunkumar
PP Ojha,PP Ojha
SP Goswami,SP Goswami
SR Tendulkar,SR Tendulkar
U Kaul,U Kaul
TM Dilshan,TM Dilshan
AD Mascarenhas,AD Mascarenhas
Niraj Patel,Niraj Patel
LA Pomersbach,LA Pomersbach
Younis Khan,Younis Khan
PM Sarvesh Kumar,PM Sarvesh Kumar
DP Vijaykumar,DP Vijaykumar
Shoaib Akhtar,Shoaib Akhtar
Abdur Razzak,Abdur Razzak
H Das,H Das
SD Chitnis,SD Chitnis
CRD Fernando,CRD Fernando
VS Yeligati,VS Yeligati
L Balaji,L Balaji
A Mukund,A Mukund
RR Powar,RR Powar
JP Duminy,JP Duminy
A Flintoff,A Flintoff
T Thushara,T Thushara
JD Ryder,JD Ryder
KP Pietersen,KP Pietersen
T Henderson,T Henderson
Kamran Khan,Kamran Khan
RS Bopara,RS Bopara
R Bishnoi,R Bishnoi
FH Edwards,FH Edwards
PC Valthaty,PC Valthaty
RJ Quiney,RJ Quiney
AS Raut,AS Raut
Yashpal Singh,Yashpal Singh
M Manhas,M Manhas
AA Bilakhia,AA Bilakhia
AN Ghosh,AN Ghosh
BAW Mendis,BAW Mendis
DL Vettori,DL Vettori
MN van Wyk,MN van Wyk
RE van der Merwe,RE van der Merwe
TL Suman,TL Suman
Shoaib Ahmed,Shoaib Ahmed
GR Napier,GR Napier
KP Appanna,KP Appanna
LA Carseldine,LA Carseldine
SM Harwood,SM Harwood
M Vijay,M Vijay
SB Jakati,SB Jakati
RJ Harris,RJ Harris
D du Preez,D du Preez
M Morkel,M Morkel
J Botha,J Botha
C Nanda,C Nanda
Mashrafe Mortaza,Mashrafe Mortaza
A Singh,A Singh
GJ Bailey,GJ Bailey
AB McDonald,AB McDonald
Y Nagar,Y Nagar
SS Shaikh,SS Shaikh
R Ashwin,R Ashwin
Mohammad Ashraful,Mohammad Ashraful
CA Pujara,CA Pujara
OA Shah,OA Shah
Anirudh Singh,Anirudh Singh
Jaskaran Singh,Jaskaran Singh
R Sathish,R Sathish
R McLaren,R McLaren
AA Jhunjhunwala,AA Jhunjhunwala
P Dogra,P Dogra
A Uniyal,A Uniyal
MS Bisla,MS Bisla
YA Abdulla,YA Abdulla
JM Kemp,JM Kemp
S Tyagi,S Tyagi
RS Gavaskar,RS Gavaskar
SE Bond,SE Bond
S Ladda,S Ladda
DP Nannes,DP Nannes
MJ Lumb,MJ Lumb
DR Martyn,DR Martyn
S Narwal,S Narwal
AB Barath,AB Barath
FY Fazal,FY Fazal
AC Voges,AC Voges
MD Mishra,MD Mishra
J Theron,J Theron
SJ Srivastava,SJ Srivastava
R Sharma,R Sharma
SW Tait,SW Tait
KB Arun Karthik,KB Arun Karthik
KAJ Roach,KAJ Roach
PD Collingwood,PD Collingwood
CK Langeveldt,CK Langeveldt
VS Malik,VS Malik
A Mithun,A Mithun
AP Dole,AP Dole
AN Ahmed,AN Ahmed
RS Sodhi,RS Sodhi
DE Bollinger,DE Bollinger
S Sriram,S Sriram
B Sumanth,B Sumanth
C Madan,C Madan
AG Paunikar,AG Paunikar
MR Marsh,MR Marsh
Harmeet Singh,Harmeet Singh
RV Gomez,RV Gomez
AUK Pathan,AUK Pathan
UBT Chand,UBT Chand
DJ Jacobs,DJ Jacobs
Sunny Singh,Sunny Singh
NJ Rimmington,NJ Rimmington
AL Menaria,AL Menaria
WD Parnell,WD Parnell
JJ van der Wath,JJ van der Wath
R Ninan,R Ninan
MS Wade,MS Wade
TD Paine,TD Paine
SB Wagh,SB Wagh
AC Thomas,AC Thomas
JEC Franklin,JEC Franklin
DH Yagnik,DH Yagnik
S Randiv,S Randiv
BJ Haddin,BJ Haddin
NLTC Perera,NLTC Perera
NL McCullum,NL McCullum
JE Taylor,JE Taylor
J Syed Mohammad,J Syed Mohammad
RN ten Doeschate,RN ten Doeschate
TR Birt,TR Birt
AG Murtaza,AG Murtaza
Harpreet Singh,Harpreet Singh
M Klinger,M Klinger
AC Blizzard,AC Blizzard
I Malhotra,I Malhotra
L Ablish,L Ablish
CA Ingram,CA Ingram
P Parameswaran,P Parameswaran
CJ Ferguson,CJ Ferguson
AA Chavan,AA Chavan
ND Doshi,ND Doshi
Y Gnaneswara Rao,Y Gnaneswara Rao
S Rana,S Rana
BA Bhatt,BA Bhatt
RE Levi,RE Levi
KK Cooper,KK Cooper
HV Patel,HV Patel
DAJ Bracewell,DAJ Bracewell
DJ Harris,DJ Harris
GB Hogg,GB Hogg
RR Bhatkal,RR Bhatkal
CJ McKay,CJ McKay
N Saini,N Saini
Azhar Mahmood,Azhar Mahmood
RJ Peterson,RJ Peterson
KMDN Kulasekara,KMDN Kulasekara
A Ashish Reddy,A Ashish Reddy
V Pratap Singh,V Pratap Singh
BB Samantray,BB Samantray
MJ Clarke,MJ Clarke
Gurkeerat Singh,Gurkeerat Singh
AP Majumdar,AP Majumdar
PA Reddy,PA Reddy
K Upadhyay,K Upadhyay
P Awana,P Awana
AD Russell,AD Russell
A Chandila,A Chandila
Sunny Gupta,Sunny Gupta
MC Juneja,MC Juneja
GH Vihari,GH Vihari
MDKJ Perera,MDKJ Perera
R Shukla,R Shukla
B Laughlin,B Laughlin
BMAJ Mendis,BMAJ Mendis
R Rampaul,R Rampaul
SMSM Senanayake,SMSM Senanayake
BJ Rohrer,BJ Rohrer
KL Rahul,KL Rahul
Q de Kock,Q de Kock
R Dhawan,R Dhawan
LJ Wright,LJ Wright
IC Pandey,IC Pandey
CM Gautam,CM Gautam
X Thalaivan Sargunam,X Thalaivan Sargunam
DJG Sammy,DJG Sammy
KW Richardson,KW Richardson
UA Birla,UA Birla
Parvez Rasool,Parvez Rasool
PV Tambe,PV Tambe
NJ Maddinson,NJ Maddinson
JDS Neesham,JDS Neesham
MA Starc,MA Starc
BR Dunk,BR Dunk
RR Rossouw,RR Rossouw
Shivam Sharma,Shivam Sharma
VH Zol,VH Zol
BE Hendricks,BE Hendricks
S Gopal,S Gopal
M de Lange,M de Lange
JO Holder,JO Holder
Karanveer Singh,Karanveer Singh
SA Abbott,SA Abbott
J Suchith,J Suchith
RG More,RG More
D Wiese,D Wiese
SN Khan,SN Khan
DJ Muthuswami,DJ Muthuswami
C Munro,C Munro
P Sahu,P Sahu
KJ Abbott,KJ Abbott
M Ashwin,M Ashwin
NS Naik,NS Naik
PSP Handscomb,PSP Handscomb
J Yadav,J Yadav
UT Khawaja,UT Khawaja
F Behardien,F Behardien
BB Sran,BB Sran
S Kaushik,S Kaushik
ER Dwivedi,ER Dwivedi
E Lewis,E Lewis
M Wood,M Wood
R Singh,R Singh
D Short,D Short
K Gowtham,K Gowtham
T Curran,T Curran
M Markande,M Markande
B Stanlake,B Stanlake
M Ur Rahman,M Ur Rahman
A Dananjaya,A Dananjaya
S Gill,S Gill
S Mavi,S Mavi
Mohammed Siraj,Mohammed Siraj
H Klaasen,H Klaasen
R Bhui,R Bhui
J Archer,J Archer
P Shaw,P Shaw
L Plunkett,L Plunkett
Mustafizur Rahman,Mustafizur Rahman
A Hales,A Hales
M Lomror,M Lomror
D Shorey,D Shorey
M Ali,M Ali
P Krishna,P Krishna
P Chopra,P Chopra
J Searles,J Searles
I Sodhi,I Sodhi
S Hetmyer,S Hetmyer
S Dube,S Dube
J Bairstow,J Bairstow
C Ingram,C Ingram
K Paul,K Paul
R Salam,R Salam
N Pooran,N Pooran
N Naik,N Naik
H Vihari,H Vihari
P R Barman,P R Barman
S Curran,S Curran
H Viljoen,H Viljoen
Avesh Khan,Avesh Khan
S Lamichhane,S Lamichhane
S Sharma,S Sharma
H Gurney,H Gurney
SD Lad,SD Lad
A Joseph,A Joseph
R Parag,R Parag
M Santner,M Santner
J Denly,J Denly
L Livingstone,L Livingstone
K Ahmed,K Ahmed
A Turner,A Turner
H Brar,H Brar
S Rutherford,S Rutherford
P Raj,P Raj
S Singh,S Singh
JL Pattinson,JL Pattinson
S CuRajasthan Royalsan,S CuRajasthan Royalsan
Rajasthan Royals Pant,Rajasthan Royals Pant
D Padikkal,D Padikkal
Philippe,Philippe
Priyam Garg,Priyam Garg
Abhishek Sharma,Abhishek Sharma
T Natarajan,T Natarajan
YBK Jaiswal,YBK Jaiswal
SPD SMumbai Indiansth,SPD SMumbai Indiansth
T CuRajasthan Royalsan,T CuRajasthan Royalsan
Shubman Gill,Shubman Gill
PJ CumMumbai Indiansns,PJ CumMumbai Indiansns
Shivam Mavi,Shivam Mavi
RD Gaikwad,RD Gaikwad
Abdul Samad,Abdul Samad
Anrich Nortje,Anrich Nortje
KL Nagarkoti,KL Nagarkoti
Ravi Bishnoi,Ravi Bishnoi
Mohammed ShaMumbai Indians,Mohammed ShaMumbai Indians
I Udana,I Udana
Simran Singh,Simran Singh
Mujeeb Ur Rahman,Mujeeb Ur Rahman
Cottrell,Cottrell
Arshdeep Singh,Arshdeep Singh
Kartik Tyagi,Kartik Tyagi
Prabhsimran Singh,Prabhsimran Singh
Jagadeesan,Jagadeesan
Carey,Carey
T Banton,T Banton
CV Varun,CV Varun
Prasidh Krishna,Prasidh Krishna
CH MoRajasthan Royalsis,CH MoRajasthan Royalsis
L Ferguson,L Ferguson
Deshpande,Deshpande
Praveen Dubey,Praveen Dubey
Shahbaz Ahmed,Shahbaz Ahmed
SP GoswaMumbai Indians,SP GoswaMumbai Indians
Tejas Baroka,Tejas Baroka
SS Agarwal,SS Agarwal
NB Singh,NB Singh
MJ Henry,MJ Henry
P Amarnath,P Amarnath
B Geeves,B Geeves
Gagandeep Singh,Gagandeep Singh
A Nel,A Nel
AM Salvi,AM Salvi
RR Bose,RR Bose
SS Sarkar,SS Sarkar
RA Shaikh,RA Shaikh
C Ganapathy,C Ganapathy
MB Parmar,MB Parmar
AA Kazi,AA Kazi
Anand Rajan,Anand Rajan
P Prasanth,P Prasanth
SS Mundhe,SS Mundhe
RW Price,RW Price
TP Sudhindra,TP Sudhindra
BW Hilfenhaus,BW Hilfenhaus
Harmeet Singh (2),Harmeet Singh (2)
P Suyal,P Suyal
MG Neser,MG Neser
K Santokie,K Santokie
JW Hastings,JW Hastings
GS Sandhu,GS Sandhu
T Shamsi,T Shamsi
SM Boland,SM Boland
K Khejroliya,K Khejroliya
L Ngidi,L Ngidi
KM Asif,KM Asif
D Willey,D Willey
J Dala,J Dala
V Chakravarthy,V Chakravarthy
J Behrendorff,J Behrendorff
S Kuggeleijn,S Kuggeleijn
S Midhun,S Midhun
O Thomas,O Thomas
A Roy,A Roy
S Warrier,S Warrier
Sandeep WaRajasthan Royalsier,Sandeep WaRajasthan Royalsier
Hazlewood,Hazlewood
A Mumbai Indiansshra,A Mumbai Indiansshra
CJ Green,CJ Green
Monu,Monu
KR Patterson,KR Patterson
RJ Gibson,RJ Gibson
JR Doran,JR Doran
DP Hughes,DP Hughes
JJ Peirson,JJ Peirson
AI Ross,AI Ross
JA Burns,JA Burns
J Weatherald,J Weatherald
JS Lehmann,JS Lehmann
MS Harris,MS Harris
TLW Cooper,TLW Cooper
PM Nevill,PM Nevill
CP Tremain,CP Tremain
AJ Nair,AJ Nair
Fawad Ahmed,Fawad Ahmed
DJM Short,DJM Short
DP Michael,DP Michael
CJ Boyce,CJ Boyce
HP Kingston,HP Kingston
JC Silk,JC Silk
SNJ O'Keefe,SNJ O'Keefe
BJ Dwarshuis,BJ Dwarshuis
JM Mennie,JM Mennie
SM Whiteman,SM Whiteman
IR Bell,IR Bell
DJ Willey,DJ Willey
AJ Turner,AJ Turner
AC Agar,AC Agar
LN O'Connor,LN O'Connor
JA Richardson,JA Richardson
RGL Carters,RGL Carters
JS Floros,JS Floros
JD Wildermuth,JD Wildermuth
MT Steketee,MT Steketee
JW Wells,JW Wells
CA Rose,CA Rose
SCJ Broad,SCJ Broad
TD Andrews,TD Andrews
WER Somerville,WER Somerville
TL Lawford,TL Lawford
SB Harper,SB Harper
MA Beer,MA Beer
JS Lenton,JS Lenton
JR Dean,JR Dean
ND Buchanan,ND Buchanan
BJ Webster,BJ Webster
BR McDermott,BR McDermott
JM Vince,JM Vince
MW Short,MW Short
TP Ludeman,TP Ludeman
KR Smith,KR Smith
IS Sodhi,IS Sodhi
WA Agar,WA Agar
EP Gulbis,EP Gulbis
HWR Cartwright,HWR Cartwright
SD Heazlett,SD Heazlett
NJ Reardon,NJ Reardon
MJ Swepson,MJ Swepson
SL Rainbird,SL Rainbird
NM Lyon,NM Lyon
JM Bird,JM Bird
CT Bancroft,CT Bancroft
TT Bresnan,TT Bresnan
SE Gotch,SE Gotch
AT Carey,AT Carey
M Labuschagne,M Labuschagne
DJ Worrall,DJ Worrall
JK Lalor,JK Lalor
AJ Doolan,AJ Doolan
JC Archer,JC Archer
AL Fekete,AL Fekete
DR Sams,DR Sams
WG Bosisto,WG Bosisto
JR Philippe,JR Philippe
Shadab Khan,Shadab Khan
B Doggett,B Doggett
JP Inglis,JP Inglis
TS Rogers,TS Rogers
PM Siddle,PM Siddle
CJ Gannon,CJ Gannon
Yasir Shah,Yasir Shah
TH David,TH David
S Milenko,S Milenko
JS Paris,JS Paris
JM Holland,JM Holland
JL Denly,JL Denly
MT Renshaw,MT Renshaw
M Kelly,M Kelly
M Bryant,M Bryant
JP Behrendorff,JP Behrendorff
Usman Qadir,Usman Qadir
W Sutherland,W Sutherland
JE Root,JE Root
JJS Sangha,JJS Sangha
TJ Dean,TJ Dean
NCR Larkin,NCR Larkin
J Edwards,J Edwards
JD Cook,JD Cook
N McAndrew,N McAndrew
TK Curran,TK Curran
L Pope,L Pope
C Valente,C Valente
GA West,GA West
MW Harvey,MW Harvey
Usman Shinwari,Usman Shinwari
J Avendano,J Avendano
J Merlo,J Merlo
LE Plunkett,LE Plunkett
HJ Nielsen,HJ Nielsen
L Bowe,L Bowe
AP Devcich,AP Devcich
HF Gurney,HF Gurney
TL O'Connell,TL O'Connell
BAD Manenti,BAD Manenti
AM Hardie,AM Hardie
CP Jewell,CP Jewell
JA Prestwidge,JA Prestwidge
NR Hobson,NR Hobson
M Gilkes,M Gilkes
BJ Holt,BJ Holt
CD Hinchliffe,CD Hinchliffe
SP Terry,SP Terry
AD Hales,AD Hales
Zahir Khan,Zahir Khan
LS Livingstone,LS Livingstone
C Green,C Green
NT Ellis,NT Ellis
Qais Ahmad,Qais Ahmad
H Kerr,H Kerr
PD Salt,PD Salt
M Wright,M Wright
RP Meredith,RP Meredith
RJ Gleeson,RJ Gleeson
SR Patel,SR Patel
HNA Conway,HNA Conway
JR Hazlewood,JR Hazlewood
J Morgan,J Morgan
NA McSweeney,NA McSweeney
Dilbar Hussain,Dilbar Hussain
Haris Rauf,Haris Rauf
AW Robinson,AW Robinson
PJ Forrest,PJ Forrest
CD Hartley,CD Hartley
DLR Smith,DLR Smith
CA Philipson,CA Philipson
AJ Crosthwaite,AJ Crosthwaite
CJ Borgas,CJ Borgas
MJ Buchanan,MJ Buchanan
Abdul Razzaq,Abdul Razzaq
AK Heal,AK Heal
GA Manou,GA Manou
PA Jaques,PA Jaques
TIF Triffitt,TIF Triffitt
RJG Lockyear,RJG Lockyear
JJ Krejza,JJ Krejza
Naved-ul-Hasan,Naved-ul-Hasan
XJ Doherty,XJ Doherty
MJ North,MJ North
SCG MacGill,SCG MacGill
AW O'Brien,AW O'Brien
CP Simpson,CP Simpson
MJ Johnston,MJ Johnston
TD Cruickshank,TD Cruickshank
LR Butterworth,LR Butterworth
SJ Coyte (2),SJ Coyte (2)
BM Edmondson,BM Edmondson
IA Moran,IA Moran
BG Drew,BG Drew
DR Salpietro,DR Salpietro
JM Muirhead,JM Muirhead
MG Hogan,MG Hogan
TJ Armstrong,TJ Armstrong
MR Day,MR Day
WD Sheridan,WD Sheridan
MJ Cosgrove,MJ Cosgrove
CJL Rogers,CJL Rogers
PJ Hughes,PJ Hughes
TP Doropoulos,TP Doropoulos
JD Smith,JD Smith
LW Feldman,LW Feldman
MJ Prior,MJ Prior
SJC Keen,SJC Keen
DJ Pattinson,DJ Pattinson
MW Hill,MW Hill
BE Young,BE Young
GD Putland,GD Putland
NM Hauritz,NM Hauritz
LA Doran,LA Doran
BS Dean,BS Dean
CS Sandri,CS Sandri
C Kieswetter,C Kieswetter
Yasir Arafat,Yasir Arafat
MG Gale,MG Gale
CJM Sabburg,CJM Sabburg
CJ Simmons,CJ Simmons
CT Tremlett,CT Tremlett
SF Mire,SF Mire
AR Keath,AR Keath
EJM Cowan,EJM Cowan
RM Duffield,RM Duffield
MA Carberry,MA Carberry
MH Wessels,MH Wessels
T van der Gugten,T van der Gugten
NP Winter,NP Winter
CS Delport,CS Delport
TM Beaton,TM Beaton
AC McDermott,AC McDermott
SD Parry,SD Parry
JK Reed,JK Reed
AR Beadle,AR Beadle
AU Rashid,AU Rashid
A Ayre,A Ayre
HM Nicholls,HM Nicholls
CAH Stevenson,CAH Stevenson
HTRY Thornton,HTRY Thornton
AW Summers,AW Summers
MW Edwards,MW Edwards
JR Coleman,JR Coleman
D Fallins,D Fallins
DJM Moody,DJM Moody
JA Freeman,JA Freeman
MP Kuhnemann,MP Kuhnemann
LR Morris,LR Morris
Z Evans,Z Evans
JW Dernbach,JW Dernbach
BE McGain,BE McGain
ND Bills,ND Bills
CR Swan,CR Swan
JM Herrick,JM Herrick
BG McDonald,BG McDonald
Saeed Ajmal,Saeed Ajmal
TA Copeland,TA Copeland
MW Dixon,MW Dixon
GL Walker,GL Walker
N Dickwella,N Dickwella
WU Tharanga,WU Tharanga
EMDY Munaweera,EMDY Munaweera
DAS Gunaratne,DAS Gunaratne
TAM Siriwardana,TAM Siriwardana
S Prasanna,S Prasanna
BKG Mendis,BKG Mendis
MD Shanaka,MD Shanaka
JRMVB Sanjaya,JRMVB Sanjaya
Nizakat Khan,Nizakat Khan
Aizaz Khan,Aizaz Khan
Babar Hayat,Babar Hayat
Anshuman Rath,Anshuman Rath
Ehsan Khan,Ehsan Khan
Tanwir Afzal,Tanwir Afzal
Shahid Wasif,Shahid Wasif
WTS Porterfield,WTS Porterfield
DA Rankin,DA Rankin
JNK Shannon,JNK Shannon
GJ Thompson,GJ Thompson
KJ O'Brien,KJ O'Brien
AR McBrine,AR McBrine
L Tucker,L Tucker
J Mulder,J Mulder
J Little,J Little
CA Young,CA Young
CJ Chibhabha,CJ Chibhabha
H Masakadza,H Masakadza
R Mutumbami,R Mutumbami
Sikandar Raza,Sikandar Raza
MN Waller,MN Waller
CT Mutombodzi,CT Mutombodzi
E Chigumbura,E Chigumbura
AG Cremer,AG Cremer
N Madziva,N Madziva
PJ Moor,PJ Moor
DT Tiripano,DT Tiripano
T Muzarabani,T Muzarabani
V Sibanda,V Sibanda
T Maruma,T Maruma
Tamim Iqbal,Tamim Iqbal
Imrul Kayes,Imrul Kayes
Sabbir Rahman,Sabbir Rahman
Soumya Sarkar,Soumya Sarkar
Mahmudullah,Mahmudullah
Mosaddek Hossain,Mosaddek Hossain
Nurul Hasan,Nurul Hasan
Rubel Hossain,Rubel Hossain
NT Broom,NT Broom
TC Bruce,TC Bruce
MJ Santner,MJ Santner
GD Phillips,GD Phillips
BM Wheeler,BM Wheeler
JT Smuts,JT Smuts
RR Hendricks,RR Hendricks
JM Bairstow,JM Bairstow
M Mosehle,M Mosehle
AL Phehlukwayo,AL Phehlukwayo
D Paterson,D Paterson
LA Dawson,LA Dawson
DJ Malan,DJ Malan
MM Ali,MM Ali
SR Thompson,SR Thompson
PR Stirling,PR Stirling
GC Wilson,GC Wilson
Mohammad Shahzad,Mohammad Shahzad
Najeeb Tarakai,Najeeb Tarakai
Samiullah Shenwari,Samiullah Shenwari
Asghar Stanikzai,Asghar Stanikzai
Shafiqullah,Shafiqullah
Karim Janat,Karim Janat
Najibullah Zadran,Najibullah Zadran
BJ McCarthy,BJ McCarthy
GH Dockrell,GH Dockrell
Usman Ghani,Usman Ghani
J Charles,J Charles
ADS Fletcher,ADS Fletcher
MM Lanning,MM Lanning
BL Mooney,BL Mooney
A Gardner,A Gardner
EJ Villani,EJ Villani
AJ Blackwell,AJ Blackwell
SW Bates,SW Bates
RH Priest,RH Priest
AM Peterson,AM Peterson
AE Satterthwaite,AE Satterthwaite
KJ Martin,KJ Martin
EM Bermingham,EM Bermingham
KT Perkins,KT Perkins
EC Perry,EC Perry
HR Huddleston,HR Huddleston
LMM Tahuhu,LMM Tahuhu
ML Green,ML Green
AJ Healy,AJ Healy
JL Jonassen,JL Jonassen
ML Schutt,ML Schutt
A Wellington,A Wellington
M Strano,M Strano
AC Kerr,AC Kerr
KM Beams,KM Beams
GWHM Perera,GWHM Perera
HML Madushani,HML Madushani
AC Jayangani,AC Jayangani
MADD Surangika,MADD Surangika
PM Weerakkody,PM Weerakkody
MGMCP Gunawardene,MGMCP Gunawardene
LE Kaushalya,LE Kaushalya
KADA Kanchana,KADA Kanchana
KDU Prabodhani,KDU Prabodhani
I Ranaweera,I Ranaweera
Sharjeel Khan,Sharjeel Khan
Khalid Latif,Khalid Latif
Babar Azam,Babar Azam
Sarfraz Ahmed,Sarfraz Ahmed
Umar Akmal,Umar Akmal
CAK Walton,CAK Walton
SFM Devine,SFM Devine
TMM Newton,TMM Newton
Ayesha Zafar,Ayesha Zafar
Javeria Khan,Javeria Khan
Bismah Maroof,Bismah Maroof
Nain Abidi,Nain Abidi
Iram Javed,Iram Javed
Nida Dar,Nida Dar
Asmavia Iqbal,Asmavia Iqbal
Sidra Nawaz,Sidra Nawaz
Sana Mir,Sana Mir
Aliya Riaz,Aliya Riaz
Sadia Yousuf,Sadia Yousuf
M Raj,M Raj
S Mandhana,S Mandhana
S Meghana,S Meghana
V Krishnamurthy,V Krishnamurthy
H Kaur,H Kaur
J Goswami,J Goswami
Rohan Mustafa,Rohan Mustafa
Mohammed Qasim,Mohammed Qasim
Mohammad Shahzad (2),Mohammad Shahzad (2)
Shaiman Anwar,Shaiman Anwar
Rameez Shahzad,Rameez Shahzad
Amjad Gul,Amjad Gul
Amjad Javed,Amjad Javed
Muhammad Usman,Muhammad Usman
Mohammad Naveed,Mohammad Naveed
Hazratullah,Hazratullah
Ghulam Shabber,Ghulam Shabber
Ahmed Raza,Ahmed Raza
Muhammed Shanil,Muhammed Shanil
HG Munsey,HG Munsey
KJ Coetzer,KJ Coetzer
CS MacLeod,CS MacLeod
RD Berrington,RD Berrington
CD Wallace,CD Wallace
Waqas Khan,Waqas Khan
Waqas Barkat,Waqas Barkat
SW Poynter,SW Poynter
Gulbadin Naib,Gulbadin Naib
A Poulose,A Poulose
Zeeshan Maqsood,Zeeshan Maqsood
Aqib Ilyas,Aqib Ilyas
Khawar Ali,Khawar Ali
AV Lalcheta,AV Lalcheta
Khurram Nawaz,Khurram Nawaz
Sultan Ahmed,Sultan Ahmed
Naseem Khushi,Naseem Khushi
SJ Myburgh,SJ Myburgh
BN Cooper,BN Cooper
W Barresi,W Barresi
MJG Rippon,MJG Rippon
PW Borren,PW Borren
MP O'Dowd,MP O'Dowd
C Carter,C Carter
Ehsan Nawaz,Ehsan Nawaz
Nadeem Ahmed,Nadeem Ahmed
Tanveer Ahmed,Tanveer Ahmed
MH Cross,MH Cross
CD de Lange,CD de Lange
SM Sharif,SM Sharif
JH Davey,JH Davey
TP Visee,TP Visee
PM Seelaar,PM Seelaar
Ahsan Malik,Ahsan Malik
PA van Meekeren,PA van Meekeren
Mohammad Nadeem,Mohammad Nadeem
Kaleemullah,Kaleemullah
Bilal Khan,Bilal Khan
Mehran Khan,Mehran Khan
Nawroz Mangal,Nawroz Mangal
MRJ Watt,MRJ Watt
WB Rankin,WB Rankin
R Powell,R Powell
Ahmed Shehzad,Ahmed Shehzad
Fakhar Zaman,Fakhar Zaman
Imad Wasim,Imad Wasim
Wahab Riaz,Wahab Riaz
Hasan Ali,Hasan Ali
Mushfiqur Rahim,Mushfiqur Rahim
Mehedi Hasan Miraz,Mehedi Hasan Miraz
Mohammad Saifuddin,Mohammad Saifuddin
JN Mohammed,JN Mohammed
TP Ura,TP Ura
VV Morea,VV Morea
L Siaka,L Siaka
A Vala,A Vala
S Bau,S Bau
MD Dai,MD Dai
JNT Vare,JNT Vare
JB Reva,JB Reva
N Vanua,N Vanua
WT Gavera,WT Gavera
CA Soper,CA Soper
A Nao,A Nao
L Sreekumar,L Sreekumar
Adnan Mufti,Adnan Mufti
Amir Hamza,Amir Hamza
Shapoor Zadran,Shapoor Zadran
Noor Ali Zadran,Noor Ali Zadran
Dawlat Zadran,Dawlat Zadran
Javed Ahmadi,Javed Ahmadi
GL Cloete,GL Cloete
HE van der Dussen,HE van der Dussen
Hussain Talat,Hussain Talat
Asif Ali,Asif Ali
Faheem Ashraf,Faheem Ashraf
Mohammad Rizwan,Mohammad Rizwan
JN Malan,JN Malan
Mohammad Amir,Mohammad Amir
Shaheen Shah Afridi,Shaheen Shah Afridi
CJ Dala,CJ Dala
L Sipamla,L Sipamla
WIA Fernando,WIA Fernando
PHKD Mendis,PHKD Mendis
AK Perera,AK Perera
DM de Silva,DM de Silva
AK Markram,AK Markram
D Pretorius,D Pretorius
RAS Lakmal,RAS Lakmal
Imam-ul-Haq,Imam-ul-Haq
Haris Sohail,Haris Sohail
BM Duckett,BM Duckett
TL Seifert,TL Seifert
DJ Mitchell,DJ Mitchell
SC Kuggeleijn,SC Kuggeleijn
KK Ahmed,KK Ahmed
S Samarawickrama,S Samarawickrama
CAK Rajitha,CAK Rajitha
CBRLS Kumara,CBRLS Kumara
PADLR Sandakan,PADLR Sandakan
CA Gurrey,CA Gurrey
FL Mackay,FL Mackay
PS Punia,PS Punia
JI Rodrigues,JI Rodrigues
D Hemalatha,D Hemalatha
AA Patil,AA Patil
A Reddy,A Reddy
DB Sharma,DB Sharma
T Bhatia,T Bhatia
RP Yadav,RP Yadav
LM Kasperek,LM Kasperek
HM Rowe,HM Rowe
SD Hope,SD Hope
SO Hetmyer,SO Hetmyer
FA Allen,FA Allen
AR Nurse,AR Nurse
D Bishoo,D Bishoo
SS Cottrell,SS Cottrell
OC McCoy,OC McCoy
JD Campbell,JD Campbell
AE Jones,AE Jones
DN Wyatt,DN Wyatt
TT Beaumont,TT Beaumont
NR Sciver,NR Sciver
HC Knight,HC Knight
KH Brunt,KH Brunt
SJ Taylor,SJ Taylor
HK Matthews,HK Matthews
SACA King,SACA King
B Cooper,B Cooper
SR Taylor,SR Taylor
CN Nation,CN Nation
NY McLean,NY McLean
Kycia A Knight,Kycia A Knight
CA Henry,CA Henry
ASS Fletcher,ASS Fletcher
K Ramharack,K Ramharack
SS Connell,SS Connell
EA Perry,EA Perry
L Winfield,L Winfield
A Shrubsole,A Shrubsole
S Ecclestone,S Ecclestone
LA Marsh,LA Marsh
KL Cross,KL Cross
GA Elwiss,GA Elwiss
RL Haynes,RL Haynes
DM Kimmince,DM Kimmince
G Wareham,G Wareham
A Balbirnie,A Balbirnie
Simi Singh,Simi Singh
SC Getkate,SC Getkate
Sharafuddin Ashraf,Sharafuddin Ashraf
MAA Sanjeewani,MAA Sanjeewani
HASD Siriwardene,HASD Siriwardene
NND de Silva,NND de Silva
HIS Mendis,HIS Mendis
OU Ranasinghe,OU Ranasinghe
U Thimashini,U Thimashini
D van Niekerk,D van Niekerk
T Brits,T Brits
M Kapp,M Kapp
M du Preez,M du Preez
L Goodall,L Goodall
S Luus,S Luus
N de Klerk,N de Klerk
F Tunnicliffe,F Tunnicliffe
H Madavi,H Madavi
WK Dilhari,WK Dilhari
BRM Taylor,BRM Taylor
CR Ervine,CR Ervine
SC Williams,SC Williams
RP Burl,RP Burl
MR Adair,MR Adair
L Delany,L Delany
Ashfaq Ahmed,Ashfaq Ahmed
CP Rizwan,CP Rizwan
Mohammad Boota,Mohammad Boota
Sultan Ahmed (2),Sultan Ahmed (2)
PS Airee,PS Airee
G Malla,G Malla
P Khadka,P Khadka
DS Airee,DS Airee
S Jora,S Jora
RK Paudel,RK Paudel
Karan KC,Karan KC
Sompal Kami,Sompal Kami
Amir Hayat,Amir Hayat
Imran Haider,Imran Haider
Zahoor Khan,Zahoor Khan
P Sarraf,P Sarraf
B Bhandari,B Bhandari
H Deol,H Deol
S Pandey,S Pandey
BS Fulmali,BS Fulmali
E Bisht,E Bisht
SIR Dunkley,SIR Dunkley
DJS Dottin,DJS Dottin
SA Campbelle,SA Campbelle
Sidra Ameen,Sidra Ameen
Umaima Sohail,Umaima Sohail
Aiman Anwer,Aiman Anwer
MR Aguilleira,MR Aguilleira
SC Selman,SC Selman
A Mohammed,A Mohammed
MA Leask,MA Leask
RAJ Smith,RAJ Smith
Jatinder Singh,Jatinder Singh
Aamir Kaleem,Aamir Kaleem
Fayyaz Butt,Fayyaz Butt
Jay Odedra,Jay Odedra
Sandeep Goud,Sandeep Goud
Sikander Zulfiqar,Sikander Zulfiqar
FJ Klaassen,FJ Klaassen
Wasim Ali,Wasim Ali
Sufyan Mehmood,Sufyan Mehmood
Zhang Mei,Zhang Mei
C Zhou,C Zhou
Zheng Lili,Zheng Lili
Huang Zhuo,Huang Zhuo
F Song,F Song
Zhang Chan,Zhang Chan
Han Lili,Han Lili
Wu Juan,Wu Juan
N Chantam,N Chantam
N Chaiwai,N Chaiwai
N Boochatham,N Boochatham
C Sutthiruang,C Sutthiruang
O Kamchomphu,O Kamchomphu
S Tippoch,S Tippoch
Yusrina Yaakop,Yusrina Yaakop
WA Duraisingam,WA Duraisingam
Siow Tzin Yee,Siow Tzin Yee
Mas Elysa,Mas Elysa
Christina Baret,Christina Baret
Maryam Omar,Maryam Omar
Priyada Murali,Priyada Murali
Amna Tariq,Amna Tariq
Mariamma Hyder,Mariamma Hyder
SL Gomez,SL Gomez
Maria Jasvi,Maria Jasvi
Khadija Khalil,Khadija Khalil
Maryyam Ashraf,Maryyam Ashraf
Zeefa Jilani,Zeefa Jilani
Madeeha Zuberi,Madeeha Zuberi
ER Oza,ER Oza
Chaya Mughal,Chaya Mughal
KKN Egodage,KKN Egodage
UCKA Dona,UCKA Dona
CR Seneviratna,CR Seneviratna
S Venkataraman,S Venkataraman
Humaira Tasneem,Humaira Tasneem
N Sharma,N Sharma
I Seneviratne,I Seneviratne
Vaishnave Mahesh,Vaishnave Mahesh
Bella Poon,Bella Poon
Y Daswani,Y Daswani
JM Davies,JM Davies
KY Chan,KY Chan
M Hill,M Hill
MBA Lamplough,MBA Lamplough
JE Titmuss,JE Titmuss
YS To,YS To
Ruchitha Venkatesh,Ruchitha Venkatesh
Chan Ka Man,Chan Ka Man
K Shrestha,K Shrestha
SR Magar,SR Magar
I Barma,I Barma
RC Belbashi,RC Belbashi
Nary Thapa,Nary Thapa
S Magar,S Magar
Wan Julia,Wan Julia
Sasha Azmi,Sasha Azmi
Zumika Azmi,Zumika Azmi
J Intan,J Intan
L Jie,L Jie
Wang Meng,Wang Meng
Zhang Xiangxue,Zhang Xiangxue
Mahnoor Mahmood,Mahnoor Mahmood
Mofida Kocchargi,Mofida Kocchargi
N D'souza,N D'souza
Nur Nadihirah,Nur Nadihirah
Wan Nor Zulaika,Wan Nor Zulaika
W Liengprasert,W Liengprasert
N Koncharoenkai,N Koncharoenkai
Roma Thapa,Roma Thapa
MM Chaudhary,MM Chaudhary
Karuna Bhandari,Karuna Bhandari
Iqra Ishaq,Iqra Ishaq
Apsari Begam,Apsari Begam
M Yousaf,M Yousaf
Hung Ying Ho,Hung Ying Ho
Emylia Eliani,Emylia Eliani
Nur Arianna Natsya,Nur Arianna Natsya
S Dharnidharka,S Dharnidharka
Chen Yue,Chen Yue
LI Haoye,LI Haoye
Sabreen Zaki,Sabreen Zaki
Ainna Hamizah Hashim,Ainna Hamizah Hashim
B Rawal,B Rawal
K Kunwar,K Kunwar
R Padunglerd,R Padunglerd
Shafali Verma,Shafali Verma
A Sutherland,A Sutherland
S Laomi,S Laomi
LAGL Kirby,LAGL Kirby
WGAKK Kulasuriya,WGAKK Kulasuriya
FC Wilson,FC Wilson
L Lee,L Lee
CL Tryon,CL Tryon
NJ Carey,NJ Carey
RM Ghosh,RM Ghosh
Shamima Sultana,Shamima Sultana
Murshida Khatun,Murshida Khatun
Sanjida Islam,Sanjida Islam
Nigar Sultana,Nigar Sultana
Fargana Hoque,Fargana Hoque
Fahima Khatun,Fahima Khatun
Jahanara Alam,Jahanara Alam
Rumana Ahmed,Rumana Ahmed
Salma Khatun,Salma Khatun
Nahida Akter,Nahida Akter
Muneeba Ali,Muneeba Ali
HNK Jensen,HNK Jensen
Khadija Tul Kubra,Khadija Tul Kubra
S Lateh,S Lateh
Diana Baig,Diana Baig
Sadia Iqbal,Sadia Iqbal
RA Mair,RA Mair
Ayasha Rahman,Ayasha Rahman
Ritu Moni,Ritu Moni
S Mostary,S Mostary
Panna Ghosh,Panna Ghosh
H Karunaratne,H Karunaratne
S Sandeepani,S Sandeepani
L Wolvaardt,L Wolvaardt
AA Alleyne,AA Alleyne
Poonam Yadav,Poonam Yadav
RS Gayakwad,RS Gayakwad
SIP Fernando,SIP Fernando
CJA Amini,CJA Amini
J Kila,J Kila
JH Kiani,JH Kiani
R Goodwin,R Goodwin
Karweng NG,Karweng NG
J Hill,J Hill
HER Tyler,HER Tyler
MP Biddappa,MP Biddappa
Kuldeep Singh,Kuldeep Singh
DC Smith,DC Smith
GR Russ,GR Russ
R Mahajan,R Mahajan
J Rasu,J Rasu
A Mansale,A Mansale
N Nipiko,N Nipiko
G Kaltongga,G Kaltongga
J Dunn,J Dunn
J Vira,J Vira
R Tari,R Tari
SH Obed,SH Obed
J Long,J Long
K Doriga,K Doriga
C Tommy,C Tommy
W Viraliliu,W Viraliliu
JW Chilia,JW Chilia
ZK Shem,ZK Shem
S Jafta,S Jafta
S Ismail,S Ismail
M Daniels,M Daniels
Javeria Rauf,Javeria Rauf
Kainat Imtiaz,Kainat Imtiaz
JS Malhotra,JS Malhotra
XM Marshall,XM Marshall
Steven Ryan Taylor,Steven Ryan Taylor
MD Patel,MD Patel
KRP Silva,KRP Silva
HR Walsh,HR Walsh
Aaron Jones,Aaron Jones
Jasdeep Singh,Jasdeep Singh
Abdul Shakoor,Abdul Shakoor
EH Hutchinson,EH Hutchinson
D Weston,D Weston
VB Chikkannaiah,VB Chikkannaiah
Mudassar Muhammad,Mudassar Muhammad
R Pillai,R Pillai
Amir Mangal,Amir Mangal
Ahmed Wardak,Ahmed Wardak
Abdul-Shakoor Rahimzei,Abdul-Shakoor Rahimzei
Sahir Naqash,Sahir Naqash
GP Meade,GP Meade
BBJL Perera,BBJL Perera
NA Maiolo,NA Maiolo
Rehman Abdul,Rehman Abdul
Rakibul Hasan,Rakibul Hasan
MJ Ross,MJ Ross
L Mophakedi,L Mophakedi
O Batisani,O Batisani
F Samanyika,F Samanyika
T Modise,T Modise
T Legaabile,T Legaabile
G Matome,G Matome
A Mokgotlhe,A Mokgotlhe
B Madimabe,B Madimabe
B Gaanamong,B Gaanamong
M Ramafifi,M Ramafifi
B Mpedi,B Mpedi
Adri van der Merwe,Adri van der Merwe
I van Zyl,I van Zyl
KA Green,KA Green
SA Wittmann,SA Wittmann
Yasmeen Khan,Yasmeen Khan
T Shadrack,T Shadrack
M Short,M Short
Reehana Khan,Reehana Khan
M Bosman,M Bosman
EU Kejarukua,EU Kejarukua
SN Shihepo,SN Shihepo
D Foerster,D Foerster
A van Schoor,A van Schoor
M Mupachikwa,M Mupachikwa
SM Mayers,SM Mayers
CS Mugeri,CS Mugeri
M Musonda,M Musonda
J Nkomo,J Nkomo
O Mondlane,O Mondlane
R Haiong,R Haiong
M Matine,M Matine
C Murrombe,C Murrombe
P Cuinica,P Cuinica
F Guirrugo,F Guirrugo
J Sainda,J Sainda
C Magaia,C Magaia
I Chuma,I Chuma
O Matsolo,O Matsolo
JA Diergaardt,JA Diergaardt
M Mwangi,M Mwangi
V Abuga,V Abuga
S Juma,S Juma
SW Kinyua,SW Kinyua
M Ngoche,M Ngoche
E Wachira,E Wachira
V Ooko,V Ooko
M Ochieng,M Ochieng
D Njoroge,D Njoroge
M Ndhambi,M Ndhambi
E Waithaka,E Waithaka
R Ntono,R Ntono
D Busingye,D Busingye
NK Bagenda,NK Bagenda
F Najjumba,F Najjumba
M King,M King
M Sankoh,M Sankoh
Aminata Kamara,Aminata Kamara
L Bull,L Bull
Adama Kamara,Adama Kamara
AM Kamara,AM Kamara
Z Kamara,Z Kamara
I Koroma,I Koroma
J Kowa,J Kowa
M Sheriff,M Sheriff
F Bangur,F Bangur
E Moiane,E Moiane
A Salomao,A Salomao
B Etim,B Etim
A Igbobie,A Igbobie
B Nwobodo,B Nwobodo
S Agazuma,S Agazuma
W Mwatile,W Mwatile
I Nakisuuyi,I Nakisuuyi
R Musamali,R Musamali
J Mbabazi,J Mbabazi
S Nampiina,S Nampiina
C Aweko,C Aweko
K Awino,K Awino
S Walaza,S Walaza
AC Mushangwe,AC Mushangwe
FO Kibasu,FO Kibasu
M Pascal,M Pascal
HM Omary,HM Omary
PZ Mamunya,PZ Mamunya
TS Omary,TS Omary
NJ Pius,NJ Pius
NN Saidi,NN Saidi
GL Mushi,GL Mushi
SH Mohamedi,SH Mohamedi
ZK Finkili,ZK Finkili
DI Dusabemungu,DI Dusabemungu
V Iriho,V Iriho
MD Bimenyimana,MD Bimenyimana
G Ishimwe,G Ishimwe
H Ishimwe,H Ishimwe
S Uwera,S Uwera
C Uwamahoro,C Uwamahoro
D Mukarurangwa,D Mukarurangwa
A Uwimbabazi,A Uwimbabazi
M Vumiliya,M Vumiliya
J Nyirankundineza,J Nyirankundineza
N Squire,N Squire
H Ayoka,H Ayoka
F Fyneface,F Fyneface
A Obulor,A Obulor
G Ephraim,G Ephraim
OS Oyronke,OS Oyronke
M Desmond,M Desmond
T Abdulquadri,T Abdulquadri
A Ndiraya,A Ndiraya
A Ikuzwe,A Ikuzwe
V Hamunyela,V Hamunyela
S Jimmy,S Jimmy
K Arua,K Arua
T Ruma,T Ruma
B Tau,B Tau
N Vare,N Vare
A Chilia,A Chilia
V Langiatu,V Langiatu
R Andrew,R Andrew
S Solman,S Solman
N Navaika,N Navaika
L Tastuki,L Tastuki
JC Sokomanu,JC Sokomanu
M Carlot,M Carlot
MV Fare,MV Fare
M Tarimiala,M Tarimiala
V Mansale,V Mansale
Erika Oda,Erika Oda
A Kitayama,A Kitayama
R Endo,R Endo
Eri Iko,Eri Iko
M Yanagida,M Yanagida
M Kanno,M Kanno
M Shiraishi,M Shiraishi
S Miyaji,S Miyaji
Y Anggraeni,Y Anggraeni
K Winda Prastini,K Winda Prastini
T Wigradianti,T Wigradianti
NPAN Sakarini,NPAN Sakarini
Yuliana,Yuliana
P Haryanti,P Haryanti
NKF Rada Rani,NKF Rada Rani
NMP Suwandewi,NMP Suwandewi
M Vuruna,M Vuruna
I Waqavakatoga,I Waqavakatoga
S Lomani,S Lomani
M Vua,M Vua
R Muriyalo,R Muriyalo
W Ofamoli,W Ofamoli
S Lote,S Lote
L Samani,L Samani
M Tilau,M Tilau
A Tagilala,A Tagilala
L Vua,L Vua
V Tari,V Tari
M Mete,M Mete
RSM Lili'i,RSM Lili'i
LA Bourne,LA Bourne
LS Mulivai,LS Mulivai
FLV Pula,FLV Pula
N Tokizawa,N Tokizawa
A Kano,A Kano
R Kanai,R Kanai
L Rika,L Rika
K Taniguchi,K Taniguchi
A Kanada,A Kanada
K Nanno,K Nanno
AAIP Bastari,AAIP Bastari
LO Telea,LO Telea
KML Nonu,KML Nonu
T Iosefo,T Iosefo
T Lafai,T Lafai
BYA Mendis,BYA Mendis
EA Burns,EA Burns
MD Gunathilaka,MD Gunathilaka
PBB Rajapaksa,PBB Rajapaksa
BOP Fernando,BOP Fernando
PWH de Silva,PWH de Silva
N Pradeep,N Pradeep
GSNFG Jayasuriya,GSNFG Jayasuriya
Iftikhar Ahmed,Iftikhar Ahmed
Khushdil Shah,Khushdil Shah
Mohammad Hasnain,Mohammad Hasnain
S Molineux,S Molineux
SK Chandhrasekar,SK Chandhrasekar
EH Rendler,EH Rendler
S Sriharsha,S Sriharsha
S Bhaskar,S Bhaskar
NT Gruny,NT Gruny
OT Wallerson,OT Wallerson
S Ramautar,S Ramautar
M Patel,M Patel
A Perera,A Perera
M Khokhar,M Khokhar
KN Mirchandani,KN Mirchandani
Saniyah Zia,Saniyah Zia
Mahewish Khan,Mahewish Khan
C Martin,C Martin
Hala Azmat,Hala Azmat
Hiba Shamshad,Hiba Shamshad
Kainat Qazi,Kainat Qazi
Maliha Baig,Maliha Baig
C Atkins,C Atkins
U Iftikhar,U Iftikhar
G Kodali,G Kodali
F Baleri,F Baleri
R Bakum,R Bakum
S Ateak,S Ateak
SL Perera,SL Perera
DNA Ankrah,DNA Ankrah
JH Mensah,JH Mensah
M Aboagye,M Aboagye
IKO Aboagye,IKO Aboagye
DK Anefie,DK Anefie
SJ Baard,SJ Baard
N Davin,N Davin
C Viljoen,C Viljoen
Z Arinaitwe,Z Arinaitwe
HB Kayondo,HB Kayondo
RG Mukasa,RG Mukasa
A Otwani,A Otwani
DM Nakrani,DM Nakrani
Riazat Ali Shah,Riazat Ali Shah
D Muhumuza,D Muhumuza
E Isaneez,E Isaneez
T Perera,T Perera
K Modise,K Modise
K Mothlhanka,K Mothlhanka
I Master,I Master
V Balakrishnan,V Balakrishnan
R Nehonde,R Nehonde
JWN Moses,JWN Moses
A Rangaswamy,A Rangaswamy
N Master,N Master
M Mooketsi,M Mooketsi
T Tshose,T Tshose
DM Gondaria,DM Gondaria
AA Obanda,AA Obanda
IA Karim,IA Karim
CO Obuya,CO Obuya
RR Patel,RR Patel
SO Ngoche,SO Ngoche
LN Oluoch,LN Oluoch
JK Vifah,JK Vifah
KS Bagabena,KS Bagabena
G Bakiweyem,G Bakiweyem
V Ateak,V Ateak
MG Erasmus,MG Erasmus
ZE Green,ZE Green
K Birkenstock,K Birkenstock
JJ Smit,JJ Smit
JN Frylinck,JN Frylinck
Z Groenewald,Z Groenewald
F Nsubuga,F Nsubuga
C Waiswa,C Waiswa
Ovais Yousof,Ovais Yousof
AJ Ayannaike,AJ Ayannaike
I Danladi,I Danladi
IO Okpe,IO Okpe
AA Onikoyi,AA Onikoyi
CN Onwuzulike,CN Onwuzulike
VD Adewoye,VD Adewoye
SA Okpe,SA Okpe
CM Akachukwu,CM Akachukwu
AM Oyede,AM Oyede
Z Abbasi,Z Abbasi
T Phaswana,T Phaswana
SR Bhudia,SR Bhudia
R Olipa,R Olipa
MV Waldron,MV Waldron
GH Lewis,GH Lewis
KJ Garth,KJ Garth
SM Kavanagh,SM Kavanagh
U Raymond-Hoey,U Raymond-Hoey
R Stokell,R Stokell
L Little,L Little
S MacMahon,S MacMahon
L Maritz,L Maritz
C Raack,C Raack
AS Wright,AS Wright
MWR Stokes,MWR Stokes
J Butler,J Butler
DR Hooper,DR Hooper
LJ Barker,LJ Barker
LB Ferbrache,LB Ferbrache
TCR Kimber,TCR Kimber
LC Le Tissier,LC Le Tissier
ACF Stokes,ACF Stokes
TCW Veillard,TCW Veillard
W Peatfield,W Peatfield
CAJ Meschede,CAJ Meschede
V Ganesan,V Ganesan
H Singh,H Singh
ND Laegsgaard,ND Laegsgaard
HAM Shah,HAM Shah
T Bharaj,T Bharaj
Delawar Khan,Delawar Khan
Anique Uddin,Anique Uddin
Rizwan Mahmood,Rizwan Mahmood
OD Hald,OD Hald
Zishan Shah,Zishan Shah
Raza Iqbal,Raza Iqbal
E Ul Haq,E Ul Haq
Walid Ghauri,Walid Ghauri
Ansar Iqbal,Ansar Iqbal
Tafseer Ali,Tafseer Ali
Hayatullah Niazi,Hayatullah Niazi
Khizer Ahmed,Khizer Ahmed
Abdullah Sheikh,Abdullah Sheikh
S Waqas Ahmed,S Waqas Ahmed
Junaid Sheikh,Junaid Sheikh
P Bhart,P Bhart
NJ Ferraby,NJ Ferraby
BDH Stevens,BDH Stevens
C Bisson,C Bisson
JW Jenner,JW Jenner
DG Blampied,DG Blampied
AW Hawkins-Kay,AW Hawkins-Kay
B Ward,B Ward
JE Dunford,JE Dunford
CW Perchard,CW Perchard
EJB Miles,EJB Miles
WJR Robertson,WJR Robertson
Abdul Hashim,Abdul Hashim
SA Ahmad,SA Ahmad
J Jojo,J Jojo
Manpreet Singh,Manpreet Singh
Anam Mollik,Anam Mollik
GRD Munasinghe,GRD Munasinghe
Baljit Singh,Baljit Singh
Charanjeet Singh,Charanjeet Singh
S Arachchige,S Arachchige
P Agnihotri,P Agnihotri
Nazakat Ali,Nazakat Ali
MJ Richardson,MJ Richardson
Asad Mohammad,Asad Mohammad
Izatullah Dawlatzai,Izatullah Dawlatzai
Javed Maroofkhail,Javed Maroofkhail
OE Newey,OE Newey
J Sumerauer,J Sumerauer
Jaspreet Singh,Jaspreet Singh
A Bulow,A Bulow
A Sarma,A Sarma
T Bavuma,T Bavuma
BC Fortuin,BC Fortuin
PJ van Biljon,PJ van Biljon
A Nortje,A Nortje
DF Jacobs,DF Jacobs
Anowarul Islam,Anowarul Islam
HJ Jordaan,HJ Jordaan
N Pathan,N Pathan
Z Hoque,Z Hoque
K Suttisan,K Suttisan
Md Shafiqul Haque,Md Shafiqul Haque
C Pengkumta,C Pengkumta
M Faheem,M Faheem
Virandeep Singh,Virandeep Singh
Shafiq Sharif,Shafiq Sharif
Ahmed Faiz Mohammad Noor,Ahmed Faiz Mohammad Noor
Anwar Arudin,Anwar Arudin
M Syahadat Ramli,M Syahadat Ramli
Syed Aziz,Syed Aziz
Aminuddin Ramly,Aminuddin Ramly
NA Janes,NA Janes
S Hongsi,S Hongsi
Umar Adam,Umar Adam
Ahmed Hassan,Ahmed Hassan
Shafraz Jaleel,Shafraz Jaleel
Mohamed Rishwan,Mohamed Rishwan
MNR Cooray,MNR Cooray
Mohamed Mahfooz,Mohamed Mahfooz
Hassan Rasheed,Hassan Rasheed
Ibrahim Hassan,Ibrahim Hassan
WJ Malinda,WJ Malinda
S Muniandy,S Muniandy
Ameel Mauroof,Ameel Mauroof
NA Saini,NA Saini
Liton Das,Liton Das
Mohammad Naim,Mohammad Naim
Afif Hossain,Afif Hossain
Aminul Islam Biplob,Aminul Islam Biplob
Mohammad Mithun,Mohammad Mithun
Shafiul Islam,Shafiul Islam
BA King,BA King
D Ramdin,D Ramdin
K Pierre,K Pierre
KOK Williams,KOK Williams
SM Curran,SM Curran
L Gregory,L Gregory
S Mahmood,S Mahmood
PR Brown,PR Brown
BM Tickner,BM Tickner
HK Bennett,HK Bennett
T Chetty,T Chetty
A Khaka,A Khaka
M Klaas,M Klaas
LR Down,LR Down
N Mlaba,N Mlaba
BFW de Leede,BFW de Leede
SA Edwards,SA Edwards
KM Jarvis,KM Jarvis
CB Mpofu,CB Mpofu
Saqib Zulfiqar,Saqib Zulfiqar
TL Chatara,TL Chatara
KMA Paul,KMA Paul
P Alako,P Alako
E Iloku,E Iloku
G Obukor,G Obukor
JM Apio,JM Apio
C Anayo,C Anayo
M Samake,M Samake
R Cisse,R Cisse
O Sow,O Sow
A Kone,A Kone
M Coulibaly,M Coulibaly
N Traore,N Traore
T Konate,T Konate
A Sangare,A Sangare
B Coulibaly,B Coulibaly
Y Sangare,Y Sangare
S Kagnassy,S Kagnassy
Hudaa Mohamedi,Hudaa Mohamedi
S Mtae,S Mtae
W Kevin,W Kevin
NO Tindo,NO Tindo
S Kakai,S Kakai
M Kagoya,M Kagoya
JL Martel,JL Martel
Omar Hayat,Omar Hayat
Bashir Shah,Bashir Shah
Simranjit Singh,Simranjit Singh
SL Kalis,SL Kalis
HDJ Siegers,HDJ Siegers
D Hannema,D Hannema
M Veringmeier,M Veringmeier
R Rijke,R Rijke
B de Leede,B de Leede
J Post,J Post
HWA Landheer,HWA Landheer
SJ Bryce,SJ Bryce
L Jack,L Jack
KE Bryce,KE Bryce
RS Glen,RS Glen
RV Scholes,RV Scholes
PA Chatterji,PA Chatterji
K McGill,K McGill
RK Willis,RK Willis
S Haggo,S Haggo
JE Ronalds,JE Ronalds
ST Frohnmayer,ST Frohnmayer
AM Healey,AM Healey
CM Gough,CM Gough
K Vijayaraghavan,K Vijayaraghavan
PA Wadenpohl,PA Wadenpohl
A Bierwisch,A Bierwisch
V Stolle,V Stolle
M McColl,M McColl
IJR Zwilling,IJR Zwilling
CM Scott,CM Scott
MS Beresford,MS Beresford
O Prendergast,O Prendergast
L Paul,L Paul
EAJ Richardson,EAJ Richardson
FEM Van Arkel,FEM Van Arkel
AH Thomson,AH Thomson
AS van Beuge,AS van Beuge
EN Lynch,EN Lynch
LK Bennett,LK Bennett
EL Watson,EL Watson
H Little,H Little
L Klokgieters,L Klokgieters
S Siegers,S Siegers
M Zwilling,M Zwilling
R Rohan,R Rohan
S Chandramohan,S Chandramohan
CR Suryawanshi,CR Suryawanshi
Janak Prakash,Janak Prakash
A Krishna,A Krishna
AE Paraam,AE Paraam
Inam-ul-Haq,Inam-ul-Haq
Faisal Javed,Faisal Javed
Kamran Khan (2),Kamran Khan (2)
Muhammad Tanveer,Muhammad Tanveer
Tamoor Sajjad,Tamoor Sajjad
Nouman Sarwar,Nouman Sarwar
Mohammad Rizlan,Mohammad Rizlan
Zaheer Ibrahim,Zaheer Ibrahim
Mohammed Awais,Mohammed Awais
Iqbal Hussain,Iqbal Hussain
Fitri Sham,Fitri Sham
Anwar Rahman,Anwar Rahman
Pavandeep Singh,Pavandeep Singh
R Sandaruwan,R Sandaruwan
Adnan Idrees,Adnan Idrees
S Varathappan,S Varathappan
Muhammad Kashif,Muhammad Kashif
Usman Waheed,Usman Waheed
Shiraz Khan,Shiraz Khan
Bilal Tahir,Bilal Tahir
MNM Aslam,MNM Aslam
Mohammad Ahsan,Mohammad Ahsan
Ilyas Ahmed,Ilyas Ahmed
S Vesawkar,S Vesawkar
B Regmi,B Regmi
A Bohara,A Bohara
Meet Bhavsar,Meet Bhavsar
NCK Liyanage,NCK Liyanage
Jandu Hamoud,Jandu Hamoud
Qalandar Khan,Qalandar Khan
TS Braat,TS Braat
BD Glover,BD Glover
PRP Boissevain,PRP Boissevain
VJ Kingma,VJ Kingma
Waheed Ahmed,Waheed Ahmed
AJ Staal,AJ Staal
Zawar Farid,Zawar Farid
DDP D'Silva,DDP D'Silva
LD Madushanka,LD Madushanka
HD Rutherford,HD Rutherford
TD Astle,TD Astle
SHA Rance,SHA Rance
SE Rutherford,SE Rutherford
Rahmanullah Gurbaz,Rahmanullah Gurbaz
Ibrahim Zadran,Ibrahim Zadran
Fareed Ahmad,Fareed Ahmad
Naveen-ul-Haq,Naveen-ul-Haq
K Abdulquadri,K Abdulquadri
F Eseigbe,F Eseigbe
S Sunday,S Sunday
S Ingabire,S Ingabire
Shaila Sharmin,Shaila Sharmin
K Oala,K Oala
V Frank,V Frank
R Oa,R Oa
MP Enright,MP Enright
L Ramjit,L Ramjit
AG Rao,AG Rao
C Beckford,C Beckford
S Farooq,S Farooq
V Araa,V Araa
I Toua,I Toua
N Ila,N Ila
C de Lange,C de Lange
RW Chakabva,RW Chakabva
Taijul Islam,Taijul Islam
Nazmul Hossain Shanto,Nazmul Hossain Shanto
A Ndlovu,A Ndlovu
Fazal Niazai,Fazal Niazai
Su Jin Kim,Su Jin Kim
Mina Baek,Mina Baek
Seri Chang,Seri Chang
Seungmin Song,Seungmin Song
Jiyeon Park,Jiyeon Park
Haliam Kwon,Haliam Kwon
Hyejin Park,Hyejin Park
Kang Choi,Kang Choi
Shanzeen Shahzad,Shanzeen Shahzad
Sun Meng Yao,Sun Meng Yao
Hiu Ying Cheung,Hiu Ying Cheung
M Wai Siu,M Wai Siu
Sinae Kim,Sinae Kim
Hee Jung Lee,Hee Jung Lee
Jiyeon Park (2),Jiyeon Park (2)
WK Lai,WK Lai
O Bascome,O Bascome
KS Leverock,KS Leverock
TS Fray,TS Fray
DMW Rawlins,DMW Rawlins
AC Douglas,AC Douglas
OGL Bascome,OGL Bascome
MO Jones,MO Jones
DAP Darrell,DAP Darrell
JE Pitcher,JE Pitcher
TP Allen,TP Allen
NK Patel,NK Patel
RA Thomas,RA Thomas
NS Dhaliwal,NS Dhaliwal
NR Kumar,NR Kumar
Ravinderpal Singh,Ravinderpal Singh
Rizwan Cheema,Rizwan Cheema
Hamza Tariq,Hamza Tariq
D Heyliger,D Heyliger
N Dutta,N Dutta
C Hauptfleisch,C Hauptfleisch
D Cato,D Cato
YSD Seneveratne,YSD Seneveratne
OR Willis,OR Willis
GM Strydom,GM Strydom
P Manning,P Manning
AF Ifill,AF Ifill
T Taylor,T Taylor
C Wright,C Wright
DL Brangman,DL Brangman
GH O'Brien,GH O'Brien
A Gavde,A Gavde
LHB Harrington-Myers,LHB Harrington-Myers
A Morris,A Morris
TK Patel,TK Patel
KR Ebanks,KR Ebanks
RJ Trott,RJ Trott
Saad Bin Zafar,Saad Bin Zafar
SN Netravalkar,SN Netravalkar
K Gore,K Gore
S Smith,S Smith
Z McLaughlin,Z McLaughlin
Abraash Khan,Abraash Khan
H Thaker,H Thaker
MR Montfort,MR Montfort
Junaid Siddiqui,Junaid Siddiqui
DC Stovell,DC Stovell
CG Williams,CG Williams
H Pragji,H Pragji
Ameer Saiyed,Ameer Saiyed
V Mbazo,V Mbazo
P Silas,P Silas
D Kegasitswe,D Kegasitswe
JP Kotze,JP Kotze
HN Ya France,HN Ya France
T Lungameni,T Lungameni
D Maisuria,D Maisuria
B Khumalo,B Khumalo
L Louwrens,L Louwrens
CN Ackermann,CN Ackermann
GJ Delany,GJ Delany
HT Tector,HT Tector
Suraj Kumar,Suraj Kumar
Ahsan Abbasi,Ahsan Abbasi
KD Shah,KD Shah
A Bhagwat,A Bhagwat
Raag Kapur,Raag Kapur
Aarif Sheikh,Aarif Sheikh
S Snater,S Snater
SS McKechnie,SS McKechnie
Haroon Arshad,Haroon Arshad
Nasrulla Rana,Nasrulla Rana
Mohammad Ghazanfar,Mohammad Ghazanfar
K Christie,K Christie
I Pandey,I Pandey
LN Rajbanshi,LN Rajbanshi
S Bhari,S Bhari
Mahirah Izzati Ismail,Mahirah Izzati Ismail
Noor Hayati Zakaria,Noor Hayati Zakaria
Smruthi Radhakrishnan,Smruthi Radhakrishnan
Samantha Singham,Samantha Singham
V Pasupathy,V Pasupathy
GK Diviya,GK Diviya
Shafina Mahesh,Shafina Mahesh
PSR Gurusinghe,PSR Gurusinghe
Roshni Ramesh,Roshni Ramesh
R Butler,R Butler
RR Seth,RR Seth
Vathana Sreemurugavel,Vathana Sreemurugavel
H Dhavina,H Dhavina
Shafia Hassan,Shafia Hassan
SK Sonpethkar,SK Sonpethkar
Kyshona A Knight,Kyshona A Knight
R Boyce,R Boyce
SS Grimmond,SS Grimmond
S Gajnabi,S Gajnabi
P Vastrakar,P Vastrakar
N Shangase,N Shangase
TS Sekhukhune,TS Sekhukhune
M Joshi,M Joshi
M Bhanuka,M Bhanuka
Aritra Dutta,Aritra Dutta
NMS Param,NMS Param
Sidhant Singh,Sidhant Singh
OJ Hairs,OJ Hairs
TB Sole,TB Sole
Simandeep Singh,Simandeep Singh
JS Kundi,JS Kundi
NM Odhiambo,NM Odhiambo
E Otieno,E Otieno
Chirag Suri,Chirag Suri
Junaid Siddique (2),Junaid Siddique (2)
JJ Tucker,JJ Tucker
H Carlyon,H Carlyon
NA Greenwood,NA Greenwood
D Ajekun,D Ajekun
JO Adedeji,JO Adedeji
Sulaimon Runsewe,Sulaimon Runsewe
BM Scholtz,BM Scholtz
DC Delany,DC Delany
R Hekure,R Hekure
NR Kirton,NR Kirton
D Ravu,D Ravu
N Pokana,N Pokana
RN Patel,RN Patel
D Gim,D Gim
V Baskaran,V Baskaran
S Vijayakumar,S Vijayakumar
Amjad Mahboob,Amjad Mahboob
AAhan Achar,AAhan Achar
R Gaznavi,R Gaznavi
AR Gandhi,AR Gandhi
JOA Gordon,JOA Gordon
OO Bascome,OO Bascome
Avi Dixit,Avi Dixit
SA Wijeratne,SA Wijeratne
GDR Eranga,GDR Eranga
U Aryaman Sunil,U Aryaman Sunil
EB Ringera,EB Ringera
P Kerai,P Kerai
Gershon Yusuf,Gershon Yusuf
B Shikongo,B Shikongo
C Floyd,C Floyd
Vikramjit Singh,Vikramjit Singh
Tariq Aziz,Tariq Aziz
Zohaib Sarwar,Zohaib Sarwar
Aamer Ikram,Aamer Ikram
Arslan Ahmed,Arslan Ahmed
Mian Mehmood,Mian Mehmood
P Buccimazza,P Buccimazza
Najjam Shahzad,Najjam Shahzad
F Stoman,F Stoman
Imran Khan (4),Imran Khan (4)
Farzan Afzal,Farzan Afzal
PD Hennessy,PD Hennessy
Yasir Ali,Yasir Ali
R Panchal,R Panchal
BA Pai,BA Pai
CJ Delany,CJ Delany
E Packard,E Packard
MO Bacarese,MO Bacarese
JD Freyone,JD Freyone
MG Hunter,MG Hunter
K Nestor,K Nestor
LA Collado,LA Collado
C Munoz-Mills,C Munoz-Mills
Kuldeep Lal,Kuldeep Lal
Awais Ahmed,Awais Ahmed
Tauqeer Hussain,Tauqeer Hussain
N Advani,N Advani
JA Fitzgerald,JA Fitzgerald
MD Garratt,MD Garratt
A Orfila,A Orfila
Atif Mehmood,Atif Mehmood
Kushal Malla,Kushal Malla
BB Chari,BB Chari
T Munyonga,T Munyonga
PK Matautaava,PK Matautaava
Mohamed Arief,Mohamed Arief
Zubaidi Zulkifle,Zubaidi Zulkifle
Nazril Rahman,Nazril Rahman
Muhammad Wafiq,Muhammad Wafiq
Ainool Haqqiem,Ainool Haqqiem
Ainool Hafizs,Ainool Hafizs
Syazrul Idrus,Syazrul Idrus
AL Stephen,AL Stephen
T Langa,T Langa
W Nalisa,W Nalisa
A Bosch,A Bosch
Lata Mondal,Lata Mondal
D Klein,D Klein
Vinod Kumar,Vinod Kumar
J Perman,J Perman
Nahida Khan,Nahida Khan
Syeda Aroob Shah,Syeda Aroob Shah
Anam Amin,Anam Amin
Tenzin Wangchuk jnr,Tenzin Wangchuk jnr
T Singye,T Singye
J Singye,J Singye
S Tobgay,S Tobgay
RM Dorji,RM Dorji
U Dorji,U Dorji
T Jamtsho,T Jamtsho
S Chophel,S Chophel
Ali Ivan,Ali Ivan
Ibrahim Rizan,Ibrahim Rizan
Mohamed Azzam,Mohamed Azzam
K Nima,K Nima
K Loday,K Loday
Azyan Farhath,Azyan Farhath
L Shafeeg,L Shafeeg
Nazwan Ismail,Nazwan Ismail
Hamza Niyaz,Hamza Niyaz
Sajaa Fathimath,Sajaa Fathimath
Sumayya Abdul,Sumayya Abdul
Zoona Mariyam,Zoona Mariyam
Hafsaa Abdhulla,Hafsaa Abdhulla
Latsha Haleemath,Latsha Haleemath
Shaffaa Saleem,Shaffaa Saleem
Aima Aishath,Aima Aishath
Eashal Ibrahim,Eashal Ibrahim
Kinaanath Ismail,Kinaanath Ismail
Shamma Ali,Shamma Ali
Maaha Naseer,Maaha Naseer
Ahsan Ali,Ahsan Ali
Mahedi Hasan,Mahedi Hasan
TS Kamunhukamwe,TS Kamunhukamwe
W Madhevere,W Madhevere
CT Mumba,CT Mumba
SV Shetty,SV Shetty
Fiza,Fiza
V Jesrani,V Jesrani
PE Mendonca,PE Mendonca
Javed Hira,Javed Hira
Y Verma,Y Verma
B Shetty,B Shetty
AR Shetty,AR Shetty
Sameera Khan,Sameera Khan
S Nair,S Nair
Javed Hina,Javed Hina
N Jagadish,N Jagadish
A Doddaballapur,A Doddaballapur
AL Tiwari,AL Tiwari
BV Save,BV Save
Hamed Khan,Hamed Khan
Aftab Hussain,Aftab Hussain
Khizar Hayat,Khizar Hayat
IGTR Kumara,IGTR Kumara
Ansh Tandon,Ansh Tandon
A Sharafu,A Sharafu
V Aravind,V Aravind
Mohammad Ayaz,Mohammad Ayaz
Faisal Khan,Faisal Khan
Abdul Waheed,Abdul Waheed
Shamsudheen Purat,Shamsudheen Purat
Sajid Cheema,Sajid Cheema
Abdul Wahid,Abdul Wahid
Muhammad Naeem,Muhammad Naeem
Khawar Zafar,Khawar Zafar
Adil Butt,Adil Butt
I Liyanage,I Liyanage
Khurram Shahzad,Khurram Shahzad
Gayan Munaweera,Gayan Munaweera
Mohammed Nadeem,Mohammed Nadeem
Sarfaraz Ali,Sarfaraz Ali
Muhammad Younis,Muhammad Younis
Mohammed Sameer,Mohammed Sameer
Imran Ali Butt,Imran Ali Butt
Ammad Uddin,Ammad Uddin
Fiaz Ahmed,Fiaz Ahmed
Masood Jayezeh,Masood Jayezeh
DK Dahani,DK Dahani
Yousef Shadzehisarjou,Yousef Shadzehisarjou
Ali Mohammadipour,Ali Mohammadipour
Arshad Mazarzei,Arshad Mazarzei
Naiem Bameri,Naiem Bameri
Mehran Siasar,Mehran Siasar
Nader Zahadiafzal,Nader Zahadiafzal
Navid Balouch,Navid Balouch
Emran Shahbakhsh,Emran Shahbakhsh
Usman Patel,Usman Patel
Mohammad Amin,Mohammad Amin
Aphsal Ashraf,Aphsal Ashraf
Junaid Aziz,Junaid Aziz
Imran Butt,Imran Butt
Imran Anwar,Imran Anwar
Anasim Khan,Anasim Khan
Abdul Majid,Abdul Majid
Basil Hameed,Basil Hameed
Sayed Monib,Sayed Monib
W Uisuk,W Uisuk
Robert Raina,Robert Raina
P Suanchuai,P Suanchuai
N Senamontree,N Senamontree
Vichanath Singh,Vichanath Singh
S Desungnoen,S Desungnoen
JJ Atkinson,JJ Atkinson
Ismail Sardar,Ismail Sardar
ME Trescothick,ME Trescothick
GO Jones,GO Jones
MP Vaughan,MP Vaughan
AJ Strauss,AJ Strauss
VS Solanki,VS Solanki
JN Gillespie,JN Gillespie
MS Kasprowicz,MS Kasprowicz
MS Sinclair,MS Sinclair
CD McMillan,CD McMillan
CL Cairns,CL Cairns
HJH Marshall,HJH Marshall
AR Adams,AR Adams
JW Wilson,JW Wilson
DR Tuffey,DR Tuffey
KD Mills,KD Mills
AG Prince,AG Prince
NJ Astle,NJ Astle
JWM Dalrymple,JWM Dalrymple
MH Yardy,MH Yardy
CMW Read,CMW Read
SI Mahmood,SI Mahmood
Mohammad Yousuf,Mohammad Yousuf
Inzamam-ul-Haq,Inzamam-ul-Haq
RP Arnold,RP Arnold
HH Dippenaar,HH Dippenaar
AJ Hall,AJ Hall
JA Rudolph,JA Rudolph
GJP Kruger,GJP Kruger
M Zondeki,M Zondeki
D Ganga,D Ganga
RS Morton,RS Morton
WW Hinds,WW Hinds
L Vincent,L Vincent
PG Fulton,PG Fulton
LE Bosman,LE Bosman
NW Bracken,NW Bracken
EC Joyce,EC Joyce
PA Nixon,PA Nixon
J Lewis,J Lewis
MS Panesar,MS Panesar
JM Anderson,JM Anderson
JAH Marshall,JAH Marshall
PD McGlashan,PD McGlashan
MR Gillespie,MR Gillespie
MS Atapattu,MS Atapattu
HMCM Bandara,HMCM Bandara
R Telemachus,R Telemachus
D Mongia,D Mongia
DS Smith,DS Smith
AN Cook,AN Cook
IJL Trott,IJL Trott
ACL Richards,ACL Richards
MA Ouma,MA Ouma
T Mishra,T Mishra
SO Tikolo,SO Tikolo
DO Obuya,DO Obuya
TM Odoyo,TM Odoyo
NN Odhiambo,NN Odhiambo
JK Kamande,JK Kamande
RL Bhudia,RL Bhudia
PJ Ongondo,PJ Ongondo
Imran Nazir,Imran Nazir
DF Watts,DF Watts
RR Watson,RR Watson
NS Poonia,NS Poonia
GM Hamilton,GM Hamilton
NFI McCallum,NFI McCallum
DR Brown,DR Brown
CJO Smith,CJO Smith
RM Haq,RM Haq
CM Wright,CM Wright
JAR Blain,JAR Blain
JD Nel,JD Nel
S Matsikenyeri,S Matsikenyeri
DBL Powell,DBL Powell
Nazimuddin,Nazimuddin
Aftab Ahmed,Aftab Ahmed
Alok Kapali,Alok Kapali
DL Maddy,DL Maddy
CP Schofield,CP Schofield
P Utseya,P Utseya
J Mubarak,J Mubarak
G Wijekoon,G Wijekoon
LN Onyango,LN Onyango
RJ Kirtley,RJ Kirtley
Farhad Reza,Farhad Reza
Syed Rasel,Syed Rasel
JS Patel,JS Patel
VD Philander,VD Philander
JN Snape,JN Snape
Nadif Chowdhury,Nadif Chowdhury
Junaid Siddique,Junaid Siddique
JM How,JM How
DR Flynn,DR Flynn
MJ Mason,MJ Mason
GJ Hopkins,GJ Hopkins
RN Lewis,RN Lewis
JL Ontong,JL Ontong
P Mustard,P Mustard
GP Swann,GP Swann
RJ Sidebottom,RJ Sidebottom
CS Martin,CS Martin
PA Hitchcock,PA Hitchcock
JS Jesani,JS Jesani
AO Suji,AO Suji
HA Varaiya,HA Varaiya
Fawad Alam,Fawad Alam
GH Bodi,GH Bodi
BA Parchment,BA Parchment
WKD Perkins,WKD Perkins
Dhiman Ghosh,Dhiman Ghosh
Shahadat Hossain,Shahadat Hossain
RK Kleinveldt,RK Kleinveldt
J Louw,J Louw
Raqibul Hasan,Raqibul Hasan
Naeem Islam,Naeem Islam
Mehrab Hossain jnr,Mehrab Hossain jnr
VB van Jaarsveld,VB van Jaarsveld
LL Tsotsobe,LL Tsotsobe
ND McKenzie,ND McKenzie
GD Elliott,GD Elliott
SM Davies,SM Davies
GJ Batty,GJ Batty
A Khan,A Khan
CR Foggo,CR Foggo
OL Pitcher,OL Pitcher
DL Hemp,DL Hemp
JJ Celestine,JJ Celestine
SD Outerbridge,SD Outerbridge
IH Romaine,IH Romaine
J Edness,J Edness
LR Doolan,LR Doolan
AL Watkins,AL Watkins
NJ Browne,NJ Browne
SJ McGlashan,SJ McGlashan
PG Raut,PG Raut
Anjum Chopra,Anjum Chopra
R Malhotra,R Malhotra
A Sharma,A Sharma
S Naik,S Naik
R Dhar,R Dhar
P Roy,P Roy
G Sultana,G Sultana
S Nitschke,S Nitschke
LJ Poulton,LJ Poulton
KL Rolton,KL Rolton
LC Sthalekar,LC Sthalekar
LK Ebsary,LK Ebsary
RM Farrell,RM Farrell
CM Edwards,CM Edwards
SC Taylor,SC Taylor
BL Morgan,BL Morgan
RWT Key,RWT Key
JS Foster,JS Foster
AN Kervezee,AN Kervezee
DJ Reekers,DJ Reekers
B Zuiderent,B Zuiderent
TN de Grooth,TN de Grooth
DLS van Bunge,DLS van Bunge
E Schiferli,E Schiferli
JH Stander,JH Stander
GA Rogers,GA Rogers
GD Drummond,GD Drummond
JP Bray,JP Bray
NJ O'Brien,NJ O'Brien
JF Mooney,JF Mooney
J Smits,J Smits
AC Botha,AC Botha
AR White,AR White
RM West,RM West
AR Cusack,AR Cusack
WK McCallan,WK McCallan
AJ Redmond,AJ Redmond
DT Johnston,DT Johnston
PC Connell,PC Connell
SJ Benn,SJ Benn
IG Butler,IG Butler
Shahzaib Hasan,Shahzaib Hasan
KO Otieno,KO Otieno
RG Aga,RG Aga
ES Szwarczynski,ES Szwarczynski
Mudassar Bukhari,Mudassar Bukhari
ML Udawatte,ML Udawatte
SHT Kandamby,SHT Kandamby
K Weeraratne,K Weeraratne
Shoaib Khan jnr,Shoaib Khan jnr
SE Findlay,SE Findlay
CS Baugh,CS Baugh
EP Thompson,EP Thompson
HG Kuhn,HG Kuhn
LS Greenway,LS Greenway
EJCLRC Rainford-Brent,EJCLRC Rainford-Brent
JL Gunn,JL Gunn
NJ Shaw,NJ Shaw
Nazmul Hossain,Nazmul Hossain
DM Richards,DM Richards
TM Dowlin,TM Dowlin
FL Reifer,FL Reifer
DE Bernard,DE Bernard
RJMGM Rupasinghe,RJMGM Rupasinghe
N Deonarine,N Deonarine
NO Miller,NO Miller
Imran Farhat,Imran Farhat
G Dockrell,G Dockrell
LD Chandimal,LD Chandimal
Karim Sadiq,Karim Sadiq
Raees Ahmadzai,Raees Ahmadzai
Hamid Hassan,Hamid Hassan
Suhrawadi Shuvo,Suhrawadi Shuvo
Mohammad Sami,Mohammad Sami
AM Blignaut,AM Blignaut
CK Coventry,CK Coventry
GA Lamb,GA Lamb
Mirwais Ashraf,Mirwais Ashraf
Jahurul Islam,Jahurul Islam
Abdur Rehman,Abdur Rehman
UWMBCA Welegedara,UWMBCA Welegedara
CU Jayasinghe,CU Jayasinghe
JE Cameron,JE Cameron
PY Lavine,PY Lavine
CP Jack,CP Jack
SF Daley,SF Daley
SJ Elliott,SJ Elliott
AM Samaroo,AM Samaroo
TD Smartt,TD Smartt
SA Fritz,SA Fritz
K Thomson,K Thomson
AE Smith,AE Smith
AS Taai,AS Taai
APC Kilowan,APC Kilowan
PJ Ingram,PJ Ingram
BJ Watling,BJ Watling
SW Masakadza,SW Masakadza
AN Petersen,AN Petersen
JM Davison,JM Davison
H Patel,H Patel
GEF Barnett,GEF Barnett
A Bagai,A Bagai
IS Billcliff,IS Billcliff
S Dhaniram,S Dhaniram
U Bhatti,U Bhatti
Khurram Chohan,Khurram Chohan
HS Baidwan,HS Baidwan
SJS Smith,SJS Smith
RT Lyons,RT Lyons
AF Buurman,AF Buurman
MBS Jonkman,MBS Jonkman
NG Jones,NG Jones
A Shahzad,A Shahzad
EC Rainsford,EC Rainsford
RJ Nicol,RJ Nicol
AJ McKay,AJ McKay
Zulqarnain Haider,Zulqarnain Haider
KM Dabengwa,KM Dabengwa
DG Brownlie,DG Brownlie
Asad Shafiq,Asad Shafiq
SJ Tsukigawa,SJ Tsukigawa
SJ Coyte,SJ Coyte
DP Hyatt,DP Hyatt
CD Barnwell,CD Barnwell
Mohammad Salman,Mohammad Salman
Junaid Khan,Junaid Khan
A Brindle,A Brindle
HL Colvin,HL Colvin
D Hazell,D Hazell
AA Deshpande,AA Deshpande
N Tanwar,N Tanwar
DP David,DP David
SN Pradhan,SN Pradhan
MDK Perera,MDK Perera
HMRKB Herath,HMRKB Herath
F Mutizwa,F Mutizwa
KO Meth,KO Meth
AM Ellis,AM Ellis
Rameez Raja (2),Rameez Raja (2)
C Zhuwao,C Zhuwao
NE Bonner,NE Bonner
DO Christian,DO Christian
MC Bascombe,MC Bascombe
SG Borthwick,SG Borthwick
AL Hodgkinson,AL Hodgkinson
C Brits,C Brits
D Devnarain,D Devnarain
M Smook,M Smook
KE Broadmore,KE Broadmore
MJG Nielsen,MJG Nielsen
SEA Ruck,SEA Ruck
SE Rowe,SE Rowe
RH Candy,RH Candy
Awais Zia,Awais Zia
Hammad Azam,Hammad Azam
Aizaz Cheema,Aizaz Cheema
Nasir Hossain,Nasir Hossain
BV Vitori,BV Vitori
Ziaur Rahman,Ziaur Rahman
Elias Sunny,Elias Sunny
HDRL Thirimanne,HDRL Thirimanne
Nasir Jamshed,Nasir Jamshed
ST Finn,ST Finn
SI Galagedara,SI Galagedara
SK Dolawatte,SK Dolawatte
SS Weerakkody,SS Weerakkody
HMD Rasangika,HMD Rasangika
SM Benade,SM Benade
Qanita Jalil,Qanita Jalil
Marina Iqbal,Marina Iqbal
Batool Fatima,Batool Fatima
Sumaiya Siddiqi,Sumaiya Siddiqi
MR Meshram,MR Meshram
N Niranjana,N Niranjana
A Das,A Das
Y van der Westhuizen,Y van der Westhuizen
S Loubser,S Loubser
MM Letsoalo,MM Letsoalo
JB Nero,JB Nero
JM Fields,JM Fields
EA Osborne,EA Osborne
JL Hunter,JL Hunter
SL Quintyne,SL Quintyne
GE Mathurin,GE Mathurin
DI Allan,DI Allan
JO Ngoche,JO Ngoche
RD McCann,RD McCann
MR Swart,MR Swart
R Gunasekera,R Gunasekera
Raza-ur-Rehman,Raza-ur-Rehman
AS Hansra,AS Hansra
RA Bhatti,RA Bhatti
H Osinde,H Osinde
Zahid Hussain,Zahid Hussain
PL Mommsen,PL Mommsen
R Flannigan,R Flannigan
Shabir Noori,Shabir Noori
TG Gordon,TG Gordon
PA Desai,PA Desai
Aftab Alam,Aftab Alam
AD Poynter,AD Poynter
TWM Latham,TWM Latham
KS Lokuarachchi,KS Lokuarachchi
Shakeel Ansar,Shakeel Ansar
RMS Eranga,RMS Eranga
JC Tredwell,JC Tredwell
MC Sorensen,MC Sorensen
TGJ Gruijters,TGJ Gruijters
RM Hira,RM Hira
H Davids,H Davids
Raza Hasan,Raza Hasan
Tazia Akhter,Tazia Akhter
Nuzhat Tasnia,Nuzhat Tasnia
Lily Rani Biswas,Lily Rani Biswas
Mariam Hasan,Mariam Hasan
Rabiya Shah,Rabiya Shah
Shukhtara Rahman,Shukhtara Rahman
Anamul Haque,Anamul Haque
TS Cordes,TS Cordes
Y Potgieter,Y Potgieter
Usman Limbada,Usman Limbada
MS Aulakh,MS Aulakh
NM Carter,NM Carter
MW Machan,MW Machan
MM Iqbal,MM Iqbal
D Murphy,D Murphy
N M'shangwe,N M'shangwe
Shamsur Rahman,Shamsur Rahman
Sohag Gazi,Sohag Gazi
Mominul Haque,Mominul Haque
JW Ogle-Thomas,JW Ogle-Thomas
MDN Hansika,MDN Hansika
HHC Gunaratne,HHC Gunaratne
T Panyangara,T Panyangara
NE Farrant,NE Farrant
CMA Shillington,CMA Shillington
IMHC Joyce,IMHC Joyce
CNIM Joyce,CNIM Joyce
EJ Tice,EJ Tice
MEMO Scott-Hayward,MEMO Scott-Hayward
LK O'Reilly,LK O'Reilly
LN McCarthy,LN McCarthy
Umar Amin,Umar Amin
Zulfiqar Babar,Zulfiqar Babar
TL Best,TL Best
Sohaib Maqsood,Sohaib Maqsood
Mohammad Irfan,Mohammad Irfan
Bilawal Bhatti,Bilawal Bhatti
Anwar Ali,Anwar Ali
RML Taylor,RML Taylor
G Goudie,G Goudie
I Wardlaw,I Wardlaw
AS Dean,AS Dean
KOA Powell,KOA Powell
Hashmatullah Shahidi,Hashmatullah Shahidi
Afsar Zazai,Afsar Zazai
A le Breton,A le Breton
NE Bolton,NE Bolton
KDK Vithanage,KDK Vithanage
SDNS Karunaratne,SDNS Karunaratne
HAM Samuddika,HAM Samuddika
Al-Amin Hossain,Al-Amin Hossain
SP Khakurel,SP Khakurel
Sagar Pun,Sagar Pun
NB Budayair,NB Budayair
SP Gauchan,SP Gauchan
Irfan Ahmed,Irfan Ahmed
MS Chapman,MS Chapman
Najeeb Amar,Najeeb Amar
Haseeb Amjad,Haseeb Amjad
Amjad Ali,Amjad Ali
Faizan Asif,Faizan Asif
SP Patil,SP Patil
Khurram Khan,Khurram Khan
V Shetty,V Shetty
EHSN Silva,EHSN Silva
Kamran Shazad,Kamran Shazad
AM Guruge,AM Guruge
Munir Dar,Munir Dar
LV van Beek,LV van Beek
HL Ferling,HL Ferling
JM Dibble,JM Dibble
RL Grundy,RL Grundy
PRCS Kumarihami,PRCS Kumarihami
Soniya Dabir,Soniya Dabir
KV Jain,KV Jain
ELC Flanagan,ELC Flanagan
L Kumari,L Kumari
SK Naidu,SK Naidu
RS Vandort,RS Vandort
J Gray,J Gray
K McKenna,K McKenna
Sania Khan,Sania Khan
AJ Kenealy,AJ Kenealy
Sharmin Akhter,Sharmin Akhter
Shohely Akhter,Shohely Akhter
Arafat Sunny,Arafat Sunny
B Bezuidenhout,B Bezuidenhout
NA Moodley,NA Moodley
TJ Murtagh,TJ Murtagh
Saad Nasim,Saad Nasim
GM Harris,GM Harris
RJW Topley,RJW Topley
RP Magar,RP Magar
A Bhattarai,A Bhattarai
Anas Khan,Anas Khan
BMSM Kumari,BMSM Kumari
Rony Talukdar,Rony Talukdar
GH Worker,GH Worker
AM Phangiso,AM Phangiso
Mukhtar Ahmed,Mukhtar Ahmed
B Fernando,B Fernando
Nauman Anwar,Nauman Anwar
Umair Ali,Umair Ali
Mohammad Tauqir,Mohammad Tauqir
AC Evans,AC Evans
Fayyaz Ahmed,Fayyaz Ahmed
AK Mandal,AK Mandal
TE Kane,TE Kane
K Pala,K Pala
L Nou,L Nou
Zeeshan Siddiqui,Zeeshan Siddiqui
Amir Ali,Amir Ali
RJ Ranpura,RJ Ranpura
CC Dalton,CC Dalton
RA Lewis,RA Lewis
A Karn,A Karn
RI Ahmed,RI Ahmed
J Anderson,J Anderson
L Cheatle,L Cheatle
VR Vanitha,VR Vanitha
S Verma,S Verma
Rafatullah Mohmand,Rafatullah Mohmand
Imran Khan (1),Imran Khan (1)
O Kirsten,O Kirsten
RLB Rambukwella,RLB Rambukwella
KMC Bandara,KMC Bandara
JDF Vandersay,JDF Vandersay
PVD Chameera,PVD Chameera
LM Jongwe,LM Jongwe
WP Masakadza,WP Masakadza
Aaqib Sulehri,Aaqib Sulehri
Adnan Ilyas,Adnan Ilyas
TS Chisoro,TS Chisoro
TB de Bruyn,TB de Bruyn
ST de Silva,ST de Silva
RJ Campbell,RJ Campbell
M Ansari,M Ansari
Shuvagata Hom,Shuvagata Hom
CJ Metcalfe,CJ Metcalfe
BTJ Wheal,BTJ Wheal
P Raho,P Raho
H Hiri,H Hiri
Saqlain Haider,Saqlain Haider
Fahad Tariq,Fahad Tariq
Zaheer Maqsood,Zaheer Maqsood
Qadeer Ahmed,Qadeer Ahmed
Muhammad Kaleem,Muhammad Kaleem
Usman Mushtaq,Usman Mushtaq
Muktar Ali,Muktar Ali
Abu Hider,Abu Hider
Taskin Ahmed,Taskin Ahmed
Mohammad Usman,Mohammad Usman
VS Wategaonkar,VS Wategaonkar
A Mehmood,A Mehmood
Khurram Manzoor,Khurram Manzoor
Hafiz Qaleem,Hafiz Qaleem
Farhan Ahmed,Farhan Ahmed
SS Pathirana,SS Pathirana
MA Wood,MA Wood
MS Crane,MS Crane
Mohammad Nawaz (3),Mohammad Nawaz (3)
Rumman Raees,Rumman Raees
Preeti Bose,Preeti Bose
Atif Ali Khan,Atif Ali Khan
CB Sole,CB Sole
LCN Smith,LCN Smith
TJ Vlaeminck,TJ Vlaeminck
MK Villiers,MK Villiers
PKD Chase,PKD Chase
Ziaur Rahman (2),Ziaur Rahman (2)
Sayed Shirzad,Sayed Shirzad
A Hartley,A Hartley
Nashra Sandhu,Nashra Sandhu
A Neill,A Neill
M Bibi,M Bibi
S Khadka,S Khadka
M Gaur,M Gaur
S Saenya,S Saenya
A Bidari,A Bidari
JM Kerr,JM Kerr
S Glenn,S Glenn
FR Davies,FR Davies
M Methtananda,M Methtananda
Surinder Singh,Surinder Singh
CC Blake,CC Blake
Vimal Kumar,Vimal Kumar
Fatima Sana,Fatima Sana
Rameen Shamim,Rameen Shamim
Muslim Yar,Muslim Yar
O Keitsemang,O Keitsemang
V Thari Thari,V Thari Thari
P Modimo,P Modimo
T Granger,T Granger
A Mazvishaya,A Mazvishaya
P Marange,P Marange
L Phiri,L Phiri
R Samson,R Samson
I Muhawenimana,I Muhawenimana
N Mutasa,N Mutasa
N Sibanda,N Sibanda
M Tom,M Tom
NM Ambo,NM Ambo
N Sitompul,N Sitompul
T Hanum,T Hanum
E Eduard,E Eduard
MI Tato,MI Tato
L Vuadreu,L Vuadreu
Muhammad Musa,Muhammad Musa
H Ssenyondo,H Ssenyondo
E Ochieng,E Ochieng
Mohameed Taiwo,Mohameed Taiwo
B Masaba,B Masaba
AL Kerrison,AL Kerrison
K Senamontree,K Senamontree
S Saeed,S Saeed
CA Liyanage,CA Liyanage
MW Parkinson,MW Parkinson
M Anyigo,M Anyigo
E Anyipo,E Anyipo
AH Maqsood,AH Maqsood
EC Bargna,EC Bargna
SR McAnanama-Brereton,SR McAnanama-Brereton
K Fraser,K Fraser
F Overdijk,F Overdijk
A Aitken,A Aitken
HRA Rainey,HRA Rainey
A Hogg,A Hogg
Nawaf Ahmed,Nawaf Ahmed
Musawar Shah,Musawar Shah
HC Overdijk,HC Overdijk
D Igihozo,D Igihozo
Kiyo Fujikawa,Kiyo Fujikawa
DH Sharma,DH Sharma
T Wang Ling,T Wang Ling
Nik Nur Atiela,Nik Nur Atiela
Hamza Tahir,Hamza Tahir
AS Abioye,AS Abioye
Raja Adeel,Raja Adeel
TC Vine,TC Vine
Fakhrul Mohon,Fakhrul Mohon
Ali Naqi,Ali Naqi
RJ Hatchman,RJ Hatchman
NH Naureen,NH Naureen
Zulqarnain Haider (2),Zulqarnain Haider (2)
R Ngarava,R Ngarava
D Jakiel,D Jakiel
WT Mashinge,WT Mashinge
R Shepherd,R Shepherd
SVE Bharathi,SVE Bharathi
K Dorji,K Dorji
J Thinley,J Thinley
Rashid Khan (2),Rashid Khan (2)
SC Kumari,SC Kumari
Anjali Chand,Anjali Chand
S Khatiwada,S Khatiwada
Hasan Mahmud,Hasan Mahmud
CK Tshuma,CK Tshuma
S Meyenborg,S Meyenborg
Sani E Zehra,Sani E Zehra
Mohsin Khan,Mohsin Khan
Hassan Khan Mohammad,Hassan Khan Mohammad
D Mogan,D Mogan
Ahmed Raid,Ahmed Raid
Shoaib Ali,Shoaib Ali
Usman Ali,Usman Ali
UKPW Kumaranayaka,UKPW Kumaranayaka
Navid Abdollahpour,Navid Abdollahpour
Muhammad Ansar,Muhammad Ansar
K Subramanian,K Subramanian
B Karki,B Karki
D Gough,D Gough
SJ Harmison,SJ Harmison
N Boje,N Boje
PDRL Perera,PDRL Perera
ML Lewis,ML Lewis
SR Clark,SR Clark
IDR Bradshaw,IDR Bradshaw
DK Butler,DK Butler
GB Brent,GB Brent
T Mupariwa,T Mupariwa
Iftikhar Anjum,Iftikhar Anjum
Mansoor Amjad,Mansoor Amjad
IE O'Brien,IE O'Brien
LS Baker,LS Baker
GI Maiden,GI Maiden
SKW Kelly,SKW Kelly
RDM Leverock,RDM Leverock
KL Pulford,KL Pulford
SJ Andrews,SJ Andrews
KE Pike,KE Pike
BJ Diamanti,BJ Diamanti
IT Guha,IT Guha
GC Tonge,GC Tonge
Dawlat Ahmadzai,Dawlat Ahmadzai
CR Smith,CR Smith
C van der Westhuizen,C van der Westhuizen
M Pushpakumara,M Pushpakumara
Arsalan Qadir,Arsalan Qadir
Mohammad Kashif,Mohammad Kashif
LJ Woodcock,LJ Woodcock
Tanvir Ahmed (1),Tanvir Ahmed (1)
KTGD Prasad,KTGD Prasad
MD Bates,MD Bates
Sohail Khan,Sohail Khan
GW Aldridge,GW Aldridge
A Martin,A Martin
Abul Hasan,Abul Hasan
DR Briggs,DR Briggs
RK Parwin,RK Parwin
MA Parker,MA Parker
Zamir Khan,Zamir Khan
SL Munroe,SL Munroe
SC Meaker,SC Meaker
ST Gabriel,ST Gabriel
Sajedul Islam,Sajedul Islam
Robiul Islam,Robiul Islam
Asad Ali,Asad Ali
JK Mukhiya,JK Mukhiya
T Kamungozi,T Kamungozi
Sharif Asadullah,Sharif Asadullah
FC Leydon-Davis,FC Leydon-Davis
Maham Tariq,Maham Tariq
Y Fourie,Y Fourie
Naila Nazir,Naila Nazir
E Leie,E Leie
Nasir Aziz,Nasir Aziz
MB van Schelven,MB van Schelven
GT Main,GT Main
GJ McCarter,GJ McCarter
Aamer Yamin,Aamer Yamin
Yamin Ahmadzai,Yamin Ahmadzai
Rokhan Barakzai,Rokhan Barakzai
M Nasim Baras,M Nasim Baras
Jubair Hossain,Jubair Hossain
Saqlain Sajib,Saqlain Sajib
Mohammad Shahid,Mohammad Shahid
